Lights1 brodute_Material_0_f3d_lights = gdSPDefLights1(
	0x7F, 0x7F, 0x7F,
	0xFF, 0xFF, 0xFF, 0x28, 0x28, 0x28);

Lights1 brodute_Material_1_f3d_lights = gdSPDefLights1(
	0x7F, 0x7F, 0x7F,
	0xFF, 0xFF, 0xFF, 0x28, 0x28, 0x28);

Lights1 brodute_Material_2_f3d_lights = gdSPDefLights1(
	0x7F, 0x7F, 0x7F,
	0xFF, 0xFF, 0xFF, 0x28, 0x28, 0x28);

Lights1 brodute_Material_3_f3d_lights = gdSPDefLights1(
	0x7F, 0x7F, 0x7F,
	0xFF, 0xFF, 0xFF, 0x28, 0x28, 0x28);

Texture brodute__0_ci8[] = {
	0x00, 0x00, 0x00, 0x00, 0x00, 0x00, 0x00, 0x00, 
	0x00, 0x00, 0x00, 0x00, 0x00, 0x00, 0x00, 0x00, 
	0x00, 0x00, 0x00, 0x00, 0x00, 0x00, 0x00, 0x00, 
	0x00, 0x00, 0x00, 0x00, 0x00, 0x00, 0x00, 0x00, 
	0x00, 0x00, 0x00, 0x00, 0x00, 0x00, 0x00, 0x01, 
	0x02, 0x02, 0x03, 0x04, 0x04, 0x04, 0x05, 0x06, 
	0x01, 0x07, 0x00, 0x00, 0x00, 0x00, 0x00, 0x00, 
	0x00, 0x00, 0x00, 0x00, 0x00, 0x00, 0x00, 0x00, 
	0x00, 0x00, 0x00, 0x00, 0x00, 0x00, 0x08, 0x09, 
	0x09, 0x09, 0x09, 0x09, 0x09, 0x09, 0x09, 0x09, 
	0x09, 0x09, 0x0a, 0x04, 0x0b, 0x07, 0x00, 0x00, 
	0x00, 0x00, 0x00, 0x00, 0x00, 0x00, 0x00, 0x00, 
	0x00, 0x00, 0x00, 0x00, 0x00, 0x0c, 0x0d, 0x0e, 
	0x0e, 0x0e, 0x0e, 0x0f, 0x0f, 0x0d, 0x09, 0x09, 
	0x09, 0x09, 0x09, 0x09, 0x09, 0x09, 0x10, 0x06, 
	0x11, 0x00, 0x00, 0x00, 0x00, 0x00, 0x00, 0x00, 
	0x00, 0x00, 0x00, 0x00, 0x00, 0x12, 0x13, 0x13, 
	0x13, 0x13, 0x13, 0x13, 0x13, 0x13, 0x13, 0x14, 
	0x15, 0x0e, 0x09, 0x09, 0x09, 0x09, 0x09, 0x09, 
	0x09, 0x10, 0x06, 0x16, 0x00, 0x00, 0x00, 0x00, 
	0x00, 0x00, 0x00, 0x00, 0x00, 0x17, 0x13, 0x13, 
	0x13, 0x13, 0x13, 0x13, 0x13, 0x13, 0x13, 0x13, 
	0x13, 0x13, 0x13, 0x18, 0x19, 0x09, 0x09, 0x09, 
	0x09, 0x09, 0x09, 0x1a, 0x06, 0x00, 0x00, 0x00, 
	0x00, 0x00, 0x00, 0x00, 0x00, 0x1b, 0x1c, 0x1d, 
	0x1d, 0x1d, 0x1e, 0x1f, 0x20, 0x21, 0x13, 0x13, 
	0x13, 0x13, 0x13, 0x13, 0x13, 0x13, 0x18, 0x19, 
	0x09, 0x09, 0x09, 0x09, 0x09, 0x0b, 0x00, 0x00, 
	0x00, 0x00, 0x00, 0x00, 0x00, 0x00, 0x00, 0x00, 
	0x00, 0x00, 0x00, 0x00, 0x00, 0x00, 0x1b, 0x22, 
	0x23, 0x24, 0x13, 0x13, 0x13, 0x13, 0x13, 0x13, 
	0x13, 0x18, 0x19, 0x09, 0x09, 0x25, 0x00, 0x00, 
	0x00, 0x00, 0x00, 0x00, 0x00, 0x00, 0x00, 0x00, 
	0x00, 0x00, 0x00, 0x00, 0x00, 0x00, 0x00, 0x00, 
	0x00, 0x00, 0x26, 0x27, 0x28, 0x21, 0x13, 0x13, 
	0x13, 0x13, 0x13, 0x13, 0x18, 0x29, 0x00, 0x00, 
	0x00, 0x00, 0x00, 0x00, 0x00, 0x00, 0x00, 0x00, 
	0x00, 0x00, 0x00, 0x00, 0x00, 0x00, 0x00, 0x00, 
	0x00, 0x00, 0x00, 0x00, 0x00, 0x2a, 0x2b, 0x2c, 
	0x13, 0x13, 0x13, 0x13, 0x13, 0x17, 0x00, 0x00, 
	0x00, 0x00, 0x00, 0x00, 0x00, 0x00, 0x00, 0x00, 
	0x00, 0x00, 0x00, 0x00, 0x1b, 0x2a, 0x2a, 0x2a, 
	0x2a, 0x2a, 0x2a, 0x2a, 0x1b, 0x00, 0x00, 0x2a, 
	0x26, 0x22, 0x28, 0x13, 0x21, 0x2d, 0x00, 0x00, 
	0x00, 0x00, 0x00, 0x00, 0x00, 0x00, 0x00, 0x00, 
	0x00, 0x00, 0x2a, 0x2e, 0x2f, 0x30, 0x31, 0x32, 
	0x32, 0x31, 0x33, 0x34, 0x35, 0x36, 0x37, 0x2a, 
	0x00, 0x00, 0x00, 0x26, 0x00, 0x00, 0x00, 0x00, 
	0x00, 0x00, 0x00, 0x00, 0x00, 0x00, 0x00, 0x00, 
	0x00, 0x1b, 0x38, 0x39, 0x3a, 0x3a, 0x3a, 0x3a, 
	0x3a, 0x3a, 0x3a, 0x3a, 0x3a, 0x3a, 0x3b, 0x3c, 
	0x3d, 0x00, 0x00, 0x00, 0x00, 0x00, 0x00, 0x00, 
	0x00, 0x00, 0x00, 0x00, 0x00, 0x00, 0x00, 0x00, 
	0x00, 0x3e, 0x33, 0x3a, 0x3a, 0x3a, 0x3a, 0x3a, 
	0x3a, 0x3a, 0x3a, 0x3a, 0x3a, 0x3a, 0x3a, 0x3f, 
	0x40, 0x41, 0x00, 0x00, 0x00, 0x00, 0x00, 0x00, 
	0x00, 0x00, 0x00, 0x00, 0x00, 0x00, 0x00, 0x00, 
	0x42, 0x32, 0x43, 0x43, 0x3a, 0x3a, 0x3a, 0x3a, 
	0x3a, 0x3a, 0x3a, 0x3a, 0x3a, 0x3a, 0x3a, 0x44, 
	0x3a, 0x39, 0x38, 0x00, 0x00, 0x00, 0x00, 0x00, 
	0x00, 0x00, 0x00, 0x00, 0x00, 0x00, 0x00, 0x3d, 
	0x31, 0x3a, 0x3a, 0x3f, 0x45, 0x46, 0x47, 0x48, 
	0x49, 0x4a, 0x4b, 0x4c, 0x3a, 0x3a, 0x3a, 0x3a, 
	0x3a, 0x3a, 0x4d, 0x2f, 0x2a, 0x00, 0x00, 0x00, 
	0x00, 0x00, 0x00, 0x00, 0x00, 0x00, 0x00, 0x3e, 
	0x3a, 0x3a, 0x4e, 0x4f, 0x50, 0x51, 0x52, 0x53, 
	0x54, 0x55, 0x56, 0x49, 0x49, 0x57, 0x44, 0x3a, 
	0x3a, 0x3a, 0x3a, 0x3a, 0x58, 0x59, 0x00, 0x00, 
	0x00, 0x00, 0x00, 0x00, 0x00, 0x00, 0x00, 0x2f, 
	0x3a, 0x3a, 0x3f, 0x5a, 0x5b, 0x5c, 0x5d, 0x53, 
	0x5e, 0x4a, 0x5f, 0x5f, 0x60, 0x61, 0x62, 0x49, 
	0x4c, 0x3a, 0x3a, 0x3a, 0x63, 0x64, 0x65, 0x2a, 
	0x66, 0x00, 0x00, 0x00, 0x00, 0x00, 0x00, 0x3c, 
	0x3a, 0x3a, 0x45, 0x67, 0x68, 0x69, 0x6a, 0x6b, 
	0x5e, 0x60, 0x5f, 0x5f, 0x5f, 0x6c, 0x55, 0x6d, 
	0x6e, 0x6f, 0x3a, 0x3a, 0x3a, 0x43, 0x39, 0x36, 
	0x3a, 0x00, 0x00, 0x00, 0x00, 0x00, 0x00, 0x70, 
	0x3a, 0x3a, 0x71, 0x50, 0x72, 0x73, 0x74, 0x75, 
	0x76, 0x77, 0x5f, 0x5f, 0x5f, 0x78, 0x79, 0x54, 
	0x7a, 0x7b, 0x46, 0x3a, 0x3a, 0x43, 0x43, 0x4e, 
	0x3a, 0x00, 0x00, 0x00, 0x00, 0x00, 0x00, 0x70, 
	0x3a, 0x3a, 0x71, 0x7c, 0x7d, 0x7e, 0x7f, 0x75, 
	0x55, 0x60, 0x5f, 0x5f, 0x5f, 0x77, 0x79, 0x80, 
	0x81, 0x82, 0x83, 0x3f, 0x3a, 0x3a, 0x3a, 0x3a, 
	0x3a, 0x00, 0x00, 0x00, 0x00, 0x00, 0x00, 0x2f, 
	0x3a, 0x3a, 0x46, 0x84, 0x85, 0x86, 0x87, 0x88, 
	0x54, 0x89, 0x5f, 0x5f, 0x5f, 0x8a, 0x80, 0x75, 
	0x8b, 0x82, 0x83, 0x3f, 0x3a, 0x3a, 0x3a, 0x3a, 
	0x8c, 0x00, 0x00, 0x00, 0x00, 0x00, 0x00, 0x8d, 
	0x3a, 0x3a, 0x71, 0x7c, 0x7d, 0x7e, 0x8e, 0x8f, 
	0x90, 0x91, 0x78, 0x77, 0x92, 0x93, 0x80, 0x6b, 
	0x94, 0x12, 0x5a, 0x3f, 0x43, 0x3a, 0x95, 0x8c, 
	0x38, 0x00, 0x00, 0x00, 0x00, 0x00, 0x00, 0x2a, 
	0x3b, 0x43, 0x3a, 0x83, 0x68, 0x96, 0x97, 0x5d, 
	0x54, 0x90, 0x6d, 0x98, 0x99, 0x9a, 0x80, 0x9b, 
	0x9c, 0x9d, 0x9e, 0x43, 0x9f, 0xa0, 0xa1, 0x38, 
	0x00, 0x00, 0x00, 0x00, 0x00, 0x00, 0x00, 0x00, 
	0x66, 0x43, 0x5f, 0x45, 0xa2, 0xa3, 0xa4, 0xa5, 
	0x8f, 0x75, 0x80, 0xa6, 0xa6, 0x80, 0xa7, 0x7f, 
	0xa8, 0x50, 0x3f, 0x5f, 0x43, 0x30, 0x41, 0x00, 
	0x00, 0x00, 0x00, 0x00, 0x00, 0x00, 0x00, 0x00, 
	0x00, 0x34, 0x43, 0x43, 0x71, 0x51, 0x96, 0x86, 
	0xa9, 0xaa, 0xab, 0xac, 0xac, 0xad, 0xae, 0xaf, 
	0x5b, 0x71, 0x43, 0x43, 0xb0, 0xb1, 0x00, 0x00, 
	0x00, 0x00, 0x00, 0x00, 0x00, 0x00, 0x00, 0x00, 
	0x00, 0xb2, 0xb3, 0x63, 0x43, 0x46, 0x51, 0xb4, 
	0xb5, 0xb6, 0xb7, 0xb8, 0xb8, 0xb7, 0xb9, 0x1c, 
	0x71, 0x43, 0x43, 0xba, 0x38, 0x00, 0x00, 0x00, 
	0x00, 0x00, 0x00, 0x00, 0x00, 0x00, 0x00, 0x00, 
	0x00, 0x00, 0xbb, 0xbc, 0x4e, 0x3a, 0x46, 0xbd, 
	0x68, 0xbe, 0x69, 0xaf, 0xbf, 0xc0, 0xc1, 0x45, 
	0x43, 0xc2, 0x30, 0x38, 0x2a, 0x00, 0x00, 0x00, 
	0x00, 0x00, 0x00, 0x00, 0x00, 0x00, 0x00, 0x00, 
	0x00, 0x00, 0x1b, 0x59, 0x70, 0x32, 0xa0, 0xa0, 
	0x3b, 0x46, 0xc3, 0xc3, 0x46, 0x45, 0xa0, 0x3a, 
	0x95, 0x40, 0xb1, 0x00, 0x00, 0x00, 0x00, 0x00, 
	0x00, 0x00, 0x00, 0x00, 0x00, 0x00, 0x00, 0x00, 
	0x00, 0x00, 0x00, 0x00, 0x2a, 0xc4, 0x39, 0x43, 
	0x5f, 0x5f, 0x5f, 0x5f, 0x5f, 0x5f, 0x3a, 0xc5, 
	0x42, 0x3d, 0x00, 0x00, 0x00, 0x00, 0x00, 0x00, 
	0x00, 0x00, 0x00, 0x00, 0x00, 0x00, 0x00, 0x00, 
	0x00, 0x00, 0x00, 0x00, 0x00, 0x00, 0xc6, 0x58, 
	0xbc, 0x34, 0x30, 0xc5, 0xc5, 0x64, 0xc7, 0x59, 
	0x00, 0x00, 0x00, 0x00, 0x00, 0x00, 0x00, 0x00, 
	0x00, 0x00, 0x00, 0x00, 0x00, 0x00, 0x00, 0x00, 
	0x00, 0x00, 0x00, 0x00, 0x00, 0x00, 0x00, 0x00, 
	0x00, 0x00, 0x00, 0x1b, 0x00, 0x00, 0x00, 0x00, 
	0x00, 0x00, 0x00, 0x00, 0x00, 0x00, 0x00, 0x00, 
	
};

Texture brodute__0_pal_rgba16[] = {
	0xed, 0xe5, 0xb5, 0x2b, 0x8c, 0xaf, 0x74, 0x71, 
	0x6c, 0x71, 0x84, 0xaf, 0x94, 0xad, 0xdd, 0xa7, 
	0x5c, 0x33, 0x1b, 0x37, 0x3b, 0xb5, 0x9c, 0xeb, 
	0xbd, 0x69, 0x1b, 0x35, 0x1a, 0xf1, 0x1a, 0xf3, 
	0x4b, 0xf3, 0xd5, 0xa7, 0x94, 0xa7, 0x1a, 0x25, 
	0x1a, 0x67, 0x1a, 0xad, 0xdd, 0xe5, 0x9c, 0xa5, 
	0x1a, 0x69, 0x1a, 0xef, 0x23, 0x77, 0xe5, 0xe5, 
	0x8c, 0x65, 0x43, 0x27, 0x4b, 0x27, 0x3a, 0xe5, 
	0x32, 0xe5, 0x22, 0x65, 0xb4, 0xe5, 0x84, 0x25, 
	0x42, 0xe5, 0x53, 0xf3, 0xdd, 0xa5, 0xa4, 0xa5, 
	0x63, 0xa5, 0x7c, 0x6f, 0xe5, 0xa5, 0xac, 0xa5, 
	0x5b, 0x65, 0xcd, 0x65, 0xcc, 0xe1, 0x93, 0xd9, 
	0x49, 0xcd, 0x31, 0x49, 0x29, 0x07, 0x39, 0x8b, 
	0x52, 0x0d, 0x72, 0xd3, 0x93, 0x97, 0xb4, 0x9f, 
	0xb4, 0x9d, 0x39, 0x49, 0x10, 0x85, 0x29, 0x09, 
	0x8b, 0x97, 0xdd, 0x63, 0xac, 0x9d, 0x18, 0xc7, 
	0x6a, 0x91, 0xcd, 0x21, 0xa4, 0x5b, 0x08, 0x43, 
	0x10, 0x87, 0x21, 0x09, 0x31, 0x8d, 0x42, 0x13, 
	0x18, 0xd7, 0x10, 0x95, 0x10, 0x93, 0x10, 0x8d, 
	0x10, 0x89, 0x20, 0xc7, 0x18, 0xc5, 0x31, 0x8b, 
	0x63, 0x19, 0x94, 0xa5, 0x7b, 0xef, 0x29, 0x2d, 
	0x18, 0xeb, 0x18, 0xe9, 0x10, 0x99, 0x10, 0x8f, 
	0x7b, 0x13, 0xd5, 0x63, 0x42, 0x11, 0x8c, 0x63, 
	0xad, 0x6f, 0x6b, 0x71, 0x21, 0x2f, 0x00, 0x01, 
	0x00, 0x05, 0x18, 0xdf, 0x10, 0xa1, 0x10, 0x83, 
	0x62, 0x4f, 0xbc, 0xdf, 0x9c, 0x19, 0x52, 0x95, 
	0x9c, 0xe7, 0xb5, 0xb3, 0x63, 0x31, 0x29, 0x6d, 
	0x00, 0x0b, 0x10, 0xa9, 0x29, 0x63, 0x31, 0x91, 
	0x83, 0x55, 0x29, 0x4b, 0xa5, 0x29, 0xce, 0x77, 
	0x73, 0xb1, 0x21, 0x2d, 0x20, 0xeb, 0x00, 0x03, 
	0x00, 0x07, 0x18, 0xe5, 0x39, 0xed, 0x7b, 0xa5, 
	0x6b, 0x5b, 0xad, 0x6b, 0xde, 0xf7, 0x8c, 0x75, 
	0x18, 0xed, 0x52, 0xaf, 0x94, 0xa9, 0x4a, 0x53, 
	0x73, 0x9d, 0xb5, 0xad, 0xde, 0xf9, 0xa4, 0xf7, 
	0x31, 0x6d, 0x08, 0x4f, 0x08, 0x4d, 0x73, 0xb3, 
	0x41, 0xcb, 0xbc, 0x9f, 0xbd, 0xf7, 0x42, 0x2f, 
	0x20, 0xed, 0x10, 0xa5, 0x00, 0x0d, 0x10, 0xab, 
	0x8c, 0x73, 0x21, 0x07, 0xd6, 0xb5, 0xd6, 0xb9, 
	0x10, 0xa7, 0x10, 0xad, 0x18, 0xef, 0x42, 0x31, 
	0xa5, 0x33, 0x84, 0x23, 0x39, 0xcd, 0x08, 0x01, 
	0x18, 0x85, 0x62, 0x8f, 0x7b, 0xdf, 0xc6, 0x31, 
	0xe7, 0x39, 0xb5, 0xb7, 0x18, 0xad, 0x29, 0x6f, 
	0xad, 0x6d, 0xa5, 0x37, 0x5a, 0xf3, 0x39, 0xb1, 
	0x29, 0x71, 0x42, 0x33, 0x7b, 0xf5, 0xad, 0x73, 
	0x41, 0x8b, 0xc4, 0xdf, 0xd5, 0x21, 0x4a, 0x0d, 
	0xce, 0x73, 0xd6, 0xb7, 0xb5, 0xb9, 0x94, 0xb7, 
	0x84, 0x37, 0xa5, 0x31, 0x39, 0x89, 0xbc, 0x9d, 
	0x62, 0x91, 0x73, 0x5b, 0xb5, 0xaf, 0x9c, 0xef, 
	0x8c, 0x67, 0x63, 0x1b, 0x10, 0x43, 0x39, 0xcf, 
	0x9c, 0x1b, 0x49, 0xcb, 0xc4, 0xe1, 0x93, 0xd7, 
	
};

Texture brodute__1_ci8[] = {
	0x00, 0x00, 0x01, 0x02, 0x03, 0x04, 0x05, 0x06, 
	0x07, 0x08, 0x03, 0x09, 0x0a, 0x06, 0x0b, 0x0c, 
	0x0b, 0x0d, 0x00, 0x00, 0x0e, 0x0e, 0x0e, 0x0e, 
	0x0e, 0x0e, 0x0e, 0x0e, 0x0e, 0x0e, 0x0e, 0x0e, 
	0x00, 0x00, 0x0d, 0x0a, 0x09, 0x0a, 0x0f, 0x10, 
	0x05, 0x07, 0x07, 0x11, 0x12, 0x13, 0x0a, 0x09, 
	0x11, 0x01, 0x00, 0x00, 0x0e, 0x0e, 0x0e, 0x0e, 
	0x0e, 0x0e, 0x0e, 0x0e, 0x0e, 0x0e, 0x0e, 0x0e, 
	0x00, 0x00, 0x14, 0x02, 0x11, 0x11, 0x0c, 0x15, 
	0x16, 0x17, 0x11, 0x13, 0x18, 0x18, 0x05, 0x11, 
	0x0a, 0x19, 0x00, 0x00, 0x0e, 0x0e, 0x0e, 0x0e, 
	0x0e, 0x0e, 0x0e, 0x0e, 0x0e, 0x0e, 0x0e, 0x0e, 
	0x00, 0x00, 0x1a, 0x1b, 0x17, 0x1c, 0x1d, 0x18, 
	0x1e, 0x09, 0x1f, 0x0c, 0x10, 0x18, 0x04, 0x20, 
	0x21, 0x22, 0x00, 0x00, 0x0e, 0x0e, 0x0e, 0x0e, 
	0x0e, 0x0e, 0x0e, 0x0e, 0x0e, 0x0e, 0x0e, 0x0e, 
	0x00, 0x00, 0x19, 0x0b, 0x23, 0x09, 0x24, 0x0c, 
	0x04, 0x23, 0x09, 0x13, 0x0c, 0x0c, 0x1c, 0x09, 
	0x09, 0x19, 0x00, 0x00, 0x0e, 0x0e, 0x0e, 0x0e, 
	0x25, 0x0e, 0x0e, 0x0e, 0x0e, 0x0e, 0x0e, 0x0e, 
	0x00, 0x00, 0x01, 0x11, 0x04, 0x09, 0x06, 0x02, 
	0x17, 0x02, 0x26, 0x0a, 0x02, 0x0f, 0x0a, 0x27, 
	0x0a, 0x01, 0x00, 0x00, 0x0e, 0x0e, 0x0e, 0x0e, 
	0x28, 0x0e, 0x0e, 0x0e, 0x0e, 0x0e, 0x0e, 0x0e, 
	0x00, 0x00, 0x01, 0x09, 0x18, 0x10, 0x0a, 0x17, 
	0x17, 0x27, 0x15, 0x09, 0x17, 0x29, 0x08, 0x15, 
	0x04, 0x01, 0x00, 0x00, 0x0e, 0x0e, 0x0e, 0x25, 
	0x2a, 0x0e, 0x0e, 0x0e, 0x0e, 0x0e, 0x0e, 0x0e, 
	0x00, 0x00, 0x19, 0x0c, 0x10, 0x18, 0x04, 0x2b, 
	0x0b, 0x1b, 0x18, 0x1b, 0x29, 0x09, 0x1d, 0x18, 
	0x18, 0x2c, 0x00, 0x00, 0x0e, 0x0e, 0x0e, 0x28, 
	0x2a, 0x0e, 0x0e, 0x0e, 0x0e, 0x0e, 0x0e, 0x0e, 
	0x00, 0x00, 0x01, 0x02, 0x03, 0x04, 0x05, 0x06, 
	0x07, 0x08, 0x03, 0x09, 0x0a, 0x06, 0x0b, 0x0c, 
	0x0b, 0x0d, 0x00, 0x00, 0x0e, 0x0e, 0x0e, 0x2a, 
	0x2a, 0x0e, 0x0e, 0x0e, 0x0e, 0x0e, 0x0e, 0x0e, 
	0x00, 0x00, 0x0d, 0x0a, 0x09, 0x0a, 0x0f, 0x10, 
	0x05, 0x07, 0x07, 0x11, 0x12, 0x13, 0x0a, 0x09, 
	0x11, 0x01, 0x00, 0x00, 0x0e, 0x0e, 0x0e, 0x2a, 
	0x28, 0x0e, 0x0e, 0x0e, 0x0e, 0x0e, 0x0e, 0x0e, 
	0x00, 0x00, 0x14, 0x02, 0x11, 0x11, 0x0c, 0x15, 
	0x16, 0x17, 0x11, 0x13, 0x18, 0x18, 0x05, 0x11, 
	0x0a, 0x19, 0x00, 0x00, 0x0e, 0x0e, 0x0e, 0x2a, 
	0x28, 0x0e, 0x0e, 0x0e, 0x0e, 0x0e, 0x0e, 0x0e, 
	0x00, 0x00, 0x1a, 0x1b, 0x17, 0x1c, 0x1d, 0x18, 
	0x1e, 0x09, 0x1f, 0x0c, 0x10, 0x18, 0x04, 0x20, 
	0x21, 0x22, 0x00, 0x00, 0x0e, 0x0e, 0x0e, 0x2a, 
	0x28, 0x0e, 0x0e, 0x0e, 0x0e, 0x0e, 0x0e, 0x0e, 
	0x00, 0x00, 0x19, 0x0b, 0x23, 0x09, 0x24, 0x0c, 
	0x04, 0x23, 0x09, 0x13, 0x0c, 0x0c, 0x1c, 0x09, 
	0x09, 0x19, 0x00, 0x00, 0x0e, 0x0e, 0x0e, 0x2a, 
	0x28, 0x0e, 0x0e, 0x0e, 0x0e, 0x0e, 0x0e, 0x0e, 
	0x00, 0x00, 0x01, 0x11, 0x04, 0x09, 0x06, 0x02, 
	0x17, 0x02, 0x26, 0x0a, 0x02, 0x0f, 0x0a, 0x27, 
	0x0a, 0x01, 0x00, 0x00, 0x0e, 0x0e, 0x0e, 0x2a, 
	0x28, 0x0e, 0x0e, 0x0e, 0x0e, 0x0e, 0x0e, 0x0e, 
	0x00, 0x00, 0x01, 0x09, 0x18, 0x10, 0x0a, 0x17, 
	0x17, 0x27, 0x15, 0x09, 0x17, 0x29, 0x08, 0x15, 
	0x04, 0x01, 0x00, 0x00, 0x0e, 0x0e, 0x0e, 0x2a, 
	0x2d, 0x0e, 0x0e, 0x0e, 0x0e, 0x0e, 0x0e, 0x0e, 
	0x00, 0x00, 0x19, 0x0c, 0x10, 0x18, 0x04, 0x2b, 
	0x0b, 0x1b, 0x18, 0x1b, 0x29, 0x09, 0x1d, 0x18, 
	0x18, 0x2c, 0x00, 0x00, 0x0e, 0x0e, 0x0e, 0x2a, 
	0x2d, 0x0e, 0x0e, 0x0e, 0x0e, 0x0e, 0x0e, 0x0e, 
	0x00, 0x00, 0x01, 0x02, 0x03, 0x04, 0x05, 0x06, 
	0x07, 0x08, 0x03, 0x09, 0x0a, 0x06, 0x0b, 0x0c, 
	0x0b, 0x0d, 0x00, 0x00, 0x0e, 0x0e, 0x0e, 0x2a, 
	0x28, 0x0e, 0x0e, 0x0e, 0x0e, 0x0e, 0x0e, 0x0e, 
	0x00, 0x00, 0x0d, 0x0a, 0x09, 0x0a, 0x0f, 0x10, 
	0x05, 0x07, 0x07, 0x11, 0x12, 0x13, 0x0a, 0x09, 
	0x11, 0x01, 0x00, 0x00, 0x0e, 0x0e, 0x0e, 0x2a, 
	0x2a, 0x0e, 0x0e, 0x0e, 0x0e, 0x0e, 0x0e, 0x0e, 
	0x00, 0x00, 0x14, 0x02, 0x11, 0x11, 0x0c, 0x15, 
	0x16, 0x17, 0x11, 0x13, 0x18, 0x18, 0x05, 0x11, 
	0x0a, 0x19, 0x00, 0x00, 0x0e, 0x0e, 0x0e, 0x2a, 
	0x2a, 0x0e, 0x0e, 0x0e, 0x0e, 0x0e, 0x0e, 0x0e, 
	0x00, 0x00, 0x1a, 0x1b, 0x17, 0x1c, 0x1d, 0x18, 
	0x1e, 0x09, 0x1f, 0x0c, 0x10, 0x18, 0x04, 0x20, 
	0x21, 0x22, 0x00, 0x00, 0x0e, 0x0e, 0x0e, 0x2a, 
	0x2e, 0x2f, 0x0e, 0x0e, 0x0e, 0x0e, 0x0e, 0x0e, 
	0x00, 0x00, 0x19, 0x0b, 0x23, 0x09, 0x24, 0x0c, 
	0x04, 0x23, 0x09, 0x13, 0x0c, 0x0c, 0x1c, 0x09, 
	0x09, 0x19, 0x00, 0x00, 0x0e, 0x0e, 0x0e, 0x28, 
	0x30, 0x25, 0x0e, 0x0e, 0x0e, 0x0e, 0x0e, 0x0e, 
	0x00, 0x00, 0x01, 0x11, 0x04, 0x09, 0x06, 0x02, 
	0x17, 0x02, 0x26, 0x0a, 0x02, 0x0f, 0x0a, 0x27, 
	0x0a, 0x01, 0x00, 0x00, 0x0e, 0x0e, 0x0e, 0x25, 
	0x30, 0x28, 0x0e, 0x0e, 0x0e, 0x0e, 0x0e, 0x0e, 
	0x00, 0x00, 0x01, 0x09, 0x18, 0x10, 0x0a, 0x17, 
	0x17, 0x27, 0x15, 0x09, 0x17, 0x29, 0x08, 0x15, 
	0x04, 0x01, 0x00, 0x00, 0x0e, 0x0e, 0x0e, 0x25, 
	0x2a, 0x2a, 0x0e, 0x0e, 0x0e, 0x0e, 0x0e, 0x0e, 
	0x00, 0x00, 0x19, 0x0c, 0x10, 0x18, 0x04, 0x2b, 
	0x0b, 0x1b, 0x18, 0x1b, 0x29, 0x09, 0x1d, 0x18, 
	0x18, 0x2c, 0x00, 0x00, 0x0e, 0x0e, 0x0e, 0x0e, 
	0x2a, 0x30, 0x2f, 0x0e, 0x0e, 0x0e, 0x0e, 0x0e, 
	0x00, 0x00, 0x01, 0x02, 0x03, 0x04, 0x05, 0x06, 
	0x07, 0x08, 0x03, 0x09, 0x0a, 0x06, 0x0b, 0x0c, 
	0x0b, 0x0d, 0x00, 0x00, 0x0e, 0x0e, 0x0e, 0x0e, 
	0x28, 0x30, 0x31, 0x0e, 0x0e, 0x0e, 0x0e, 0x0e, 
	0x00, 0x00, 0x0d, 0x0a, 0x09, 0x0a, 0x0f, 0x10, 
	0x05, 0x07, 0x07, 0x11, 0x12, 0x13, 0x0a, 0x09, 
	0x11, 0x01, 0x00, 0x00, 0x0e, 0x0e, 0x0e, 0x0e, 
	0x25, 0x2a, 0x28, 0x0e, 0x0e, 0x0e, 0x0e, 0x0e, 
	0x00, 0x00, 0x14, 0x02, 0x11, 0x11, 0x0c, 0x15, 
	0x16, 0x17, 0x11, 0x13, 0x18, 0x18, 0x05, 0x11, 
	0x0a, 0x19, 0x00, 0x00, 0x0e, 0x0e, 0x0e, 0x0e, 
	0x0e, 0x28, 0x2a, 0x25, 0x0e, 0x0e, 0x0e, 0x0e, 
	0x00, 0x00, 0x1a, 0x1b, 0x17, 0x1c, 0x1d, 0x18, 
	0x1e, 0x09, 0x1f, 0x0c, 0x10, 0x18, 0x04, 0x20, 
	0x21, 0x22, 0x00, 0x00, 0x0e, 0x0e, 0x0e, 0x0e, 
	0x0e, 0x25, 0x28, 0x25, 0x0e, 0x0e, 0x0e, 0x0e, 
	0x00, 0x00, 0x19, 0x0b, 0x23, 0x09, 0x24, 0x0c, 
	0x04, 0x23, 0x09, 0x13, 0x0c, 0x0c, 0x1c, 0x09, 
	0x09, 0x19, 0x00, 0x00, 0x0e, 0x0e, 0x0e, 0x0e, 
	0x0e, 0x0e, 0x0e, 0x0e, 0x0e, 0x0e, 0x0e, 0x0e, 
	0x00, 0x00, 0x01, 0x11, 0x04, 0x09, 0x06, 0x02, 
	0x17, 0x02, 0x26, 0x0a, 0x02, 0x0f, 0x0a, 0x27, 
	0x0a, 0x01, 0x00, 0x00, 0x0e, 0x0e, 0x0e, 0x0e, 
	0x0e, 0x0e, 0x0e, 0x0e, 0x0e, 0x0e, 0x0e, 0x0e, 
	0x00, 0x00, 0x01, 0x09, 0x18, 0x10, 0x0a, 0x17, 
	0x17, 0x27, 0x15, 0x09, 0x17, 0x29, 0x08, 0x15, 
	0x04, 0x01, 0x00, 0x00, 0x0e, 0x0e, 0x0e, 0x0e, 
	0x0e, 0x0e, 0x0e, 0x0e, 0x0e, 0x0e, 0x0e, 0x0e, 
	0x00, 0x00, 0x19, 0x0c, 0x10, 0x18, 0x04, 0x2b, 
	0x0b, 0x1b, 0x18, 0x1b, 0x29, 0x09, 0x1d, 0x18, 
	0x18, 0x2c, 0x00, 0x00, 0x0e, 0x0e, 0x0e, 0x0e, 
	0x0e, 0x0e, 0x0e, 0x0e, 0x0e, 0x0e, 0x0e, 0x0e, 
	
};

Texture brodute__1_pal_rgba16[] = {
	0x00, 0x01, 0x00, 0x45, 0x02, 0xe7, 0x03, 0xaf, 
	0x03, 0x6f, 0x02, 0x61, 0x02, 0x21, 0x02, 0x65, 
	0x03, 0x6d, 0x02, 0xa5, 0x02, 0x1f, 0x03, 0x2b, 
	0x03, 0xb1, 0x00, 0x85, 0xed, 0xe5, 0x02, 0x63, 
	0x04, 0x7b, 0x01, 0xdb, 0x04, 0x37, 0x02, 0xe9, 
	0x08, 0xc9, 0x04, 0xfd, 0x03, 0xf3, 0x02, 0x1d, 
	0x04, 0xbd, 0x00, 0x87, 0x08, 0xcb, 0x04, 0x39, 
	0x02, 0xe5, 0x03, 0xf5, 0x04, 0x7d, 0x02, 0x5f, 
	0x02, 0x1b, 0x03, 0x6b, 0x00, 0x89, 0x02, 0xa3, 
	0x03, 0x2d, 0xe5, 0xa5, 0x03, 0xb3, 0x03, 0xf7, 
	0xdd, 0x63, 0x01, 0xd9, 0xd5, 0x63, 0x01, 0x97, 
	0x00, 0xc9, 0xdd, 0xa3, 0xd5, 0x23, 0xe5, 0xe5, 
	0xcd, 0x23, 0xdd, 0xa5, 
};

Texture brodute__2_ci8[] = {
	0x00, 0x01, 0x02, 0x03, 0x04, 0x00, 0x05, 0x06, 
	0x07, 0x08, 0x09, 0x0a, 0x00, 0x0b, 0x08, 0x0c, 
	0x03, 0x0d, 0x0e, 0x0e, 0x0f, 0x10, 0x11, 0x12, 
	0x13, 0x05, 0x05, 0x14, 0x15, 0x16, 0x0f, 0x05, 
	0x17, 0x17, 0x18, 0x0c, 0x19, 0x1a, 0x1b, 0x1c, 
	0x1d, 0x1e, 0x1f, 0x1b, 0x20, 0x21, 0x22, 0x23, 
	0x24, 0x09, 0x25, 0x1c, 0x26, 0x27, 0x1d, 0x28, 
	0x1c, 0x29, 0x2a, 0x0c, 0x2b, 0x0c, 0x09, 0x16, 
	0x2c, 0x2d, 0x1f, 0x2e, 0x2f, 0x30, 0x31, 0x32, 
	0x2d, 0x33, 0x21, 0x34, 0x35, 0x36, 0x25, 0x1f, 
	0x2e, 0x37, 0x38, 0x37, 0x01, 0x25, 0x39, 0x3a, 
	0x31, 0x3b, 0x3c, 0x29, 0x3d, 0x3e, 0x04, 0x3f, 
	0x40, 0x39, 0x41, 0x41, 0x25, 0x31, 0x42, 0x2d, 
	0x43, 0x43, 0x29, 0x2d, 0x42, 0x31, 0x44, 0x45, 
	0x1f, 0x21, 0x34, 0x2a, 0x17, 0x43, 0x46, 0x39, 
	0x21, 0x07, 0x47, 0x3e, 0x48, 0x49, 0x08, 0x4a, 
	0x32, 0x29, 0x4b, 0x4c, 0x33, 0x4d, 0x4e, 0x1b, 
	0x4f, 0x50, 0x4f, 0x29, 0x16, 0x47, 0x1b, 0x4b, 
	0x27, 0x42, 0x42, 0x4e, 0x29, 0x2e, 0x49, 0x1c, 
	0x4e, 0x33, 0x09, 0x51, 0x4b, 0x51, 0x07, 0x08, 
	0x52, 0x33, 0x53, 0x18, 0x54, 0x55, 0x56, 0x38, 
	0x57, 0x57, 0x58, 0x59, 0x56, 0x5a, 0x02, 0x5b, 
	0x5c, 0x47, 0x59, 0x59, 0x3b, 0x5d, 0x5e, 0x34, 
	0x5f, 0x56, 0x60, 0x02, 0x27, 0x1b, 0x61, 0x55, 
	0x17, 0x21, 0x62, 0x63, 0x4d, 0x16, 0x1b, 0x51, 
	0x1d, 0x1d, 0x1d, 0x62, 0x64, 0x07, 0x22, 0x5b, 
	0x63, 0x09, 0x33, 0x65, 0x2e, 0x41, 0x4b, 0x3d, 
	0x66, 0x26, 0x67, 0x63, 0x5c, 0x63, 0x4a, 0x22, 
	0x68, 0x2f, 0x64, 0x03, 0x3f, 0x69, 0x69, 0x6a, 
	0x10, 0x10, 0x09, 0x6b, 0x69, 0x0b, 0x4d, 0x26, 
	0x16, 0x6c, 0x6d, 0x6e, 0x6f, 0x21, 0x2d, 0x34, 
	0x70, 0x68, 0x05, 0x07, 0x63, 0x16, 0x6a, 0x6e, 
	0x00, 0x35, 0x07, 0x07, 0x71, 0x00, 0x00, 0x72, 
	0x73, 0x73, 0x74, 0x05, 0x00, 0x00, 0x09, 0x21, 
	0x11, 0x2c, 0x00, 0x75, 0x6a, 0x4e, 0x4e, 0x2a, 
	0x76, 0x76, 0x05, 0x09, 0x32, 0x32, 0x52, 0x77, 
	0x43, 0x2e, 0x1f, 0x51, 0x62, 0x43, 0x25, 0x32, 
	0x18, 0x2b, 0x16, 0x01, 0x78, 0x1b, 0x62, 0x1f, 
	0x1f, 0x62, 0x1b, 0x33, 0x32, 0x62, 0x5c, 0x16, 
	0x32, 0x02, 0x29, 0x2e, 0x41, 0x1e, 0x1b, 0x1b, 
	0x58, 0x79, 0x39, 0x25, 0x2a, 0x7a, 0x7b, 0x38, 
	0x1f, 0x7c, 0x4e, 0x3c, 0x7b, 0x32, 0x7d, 0x39, 
	0x39, 0x7e, 0x47, 0x3c, 0x7b, 0x27, 0x7f, 0x16, 
	0x3c, 0x37, 0x80, 0x2d, 0x39, 0x25, 0x2f, 0x81, 
	0x32, 0x82, 0x83, 0x84, 0x33, 0x85, 0x86, 0x47, 
	0x41, 0x87, 0x1b, 0x88, 0x89, 0x19, 0x25, 0x83, 
	0x8a, 0x7d, 0x19, 0x8b, 0x47, 0x1d, 0x41, 0x4e, 
	0x09, 0x47, 0x42, 0x39, 0x46, 0x46, 0x21, 0x07, 
	0x02, 0x8c, 0x49, 0x49, 0x1b, 0x63, 0x14, 0x42, 
	0x87, 0x8d, 0x8c, 0x2f, 0x8e, 0x63, 0x2e, 0x4f, 
	0x8f, 0x65, 0x16, 0x10, 0x07, 0x4b, 0x48, 0x1b, 
	0x01, 0x03, 0x64, 0x3e, 0x4f, 0x90, 0x44, 0x22, 
	0x52, 0x37, 0x42, 0x32, 0x3b, 0x52, 0x52, 0x36, 
	0x1f, 0x1e, 0x91, 0x92, 0x0f, 0x92, 0x31, 0x2f, 
	0x47, 0x3b, 0x52, 0x52, 0x3b, 0x3d, 0x1f, 0x17, 
	0x5a, 0x0f, 0x92, 0x40, 0x42, 0x58, 0x3c, 0x92, 
	0x2e, 0x27, 0x93, 0x94, 0x27, 0x66, 0x02, 0x4d, 
	0x18, 0x2b, 0x16, 0x67, 0x02, 0x62, 0x53, 0x53, 
	0x53, 0x95, 0x65, 0x91, 0x42, 0x95, 0x96, 0x07, 
	0x07, 0x29, 0x51, 0x1f, 0x53, 0x53, 0x5b, 0x3e, 
	0x97, 0x98, 0x99, 0x10, 0x59, 0x9a, 0x68, 0x6b, 
	0x9b, 0x9b, 0x11, 0x0a, 0x9c, 0x9a, 0x9d, 0x74, 
	0x9e, 0x36, 0x9f, 0x9f, 0x6a, 0x0c, 0x63, 0x09, 
	0xa0, 0x70, 0xa1, 0x47, 0x14, 0xa2, 0xa3, 0x9a, 
	0xa4, 0x88, 0x73, 0x8e, 0x36, 0x00, 0xa4, 0x72, 
	0xa5, 0xa6, 0x9d, 0x05, 0xa7, 0x00, 0x42, 0x73, 
	0x8e, 0x59, 0xa8, 0xa9, 0x52, 0x10, 0xaa, 0x3b, 
	0x76, 0xa7, 0xab, 0x07, 0x22, 0x03, 0x5a, 0x00, 
	0x21, 0x1a, 0xac, 0x63, 0x10, 0x16, 0x02, 0x5c, 
	0x5b, 0x27, 0x18, 0x26, 0x02, 0x07, 0x4e, 0x1f, 
	0x91, 0x47, 0x21, 0x64, 0x1c, 0x1f, 0x95, 0x62, 
	0x1b, 0x25, 0x32, 0x02, 0x62, 0x63, 0x86, 0x21, 
	0x38, 0x7d, 0x1d, 0x5c, 0xad, 0x3b, 0x2f, 0x3a, 
	0xae, 0xaf, 0x39, 0xb0, 0x9d, 0x0d, 0x33, 0x1d, 
	0x62, 0x47, 0x40, 0x2f, 0x07, 0x25, 0xae, 0x25, 
	0x42, 0x09, 0x98, 0x29, 0x1f, 0x1b, 0x4a, 0x61, 
	0x37, 0x43, 0xb1, 0x8f, 0xaa, 0xb2, 0x2f, 0x7d, 
	0x46, 0xb3, 0x39, 0x42, 0x54, 0x61, 0x1c, 0x1d, 
	0x1e, 0x11, 0x88, 0x86, 0x21, 0x46, 0xb4, 0x39, 
	0x42, 0xad, 0x61, 0xb5, 0xb6, 0xb7, 0xa5, 0x4a, 
	0x01, 0x43, 0x45, 0x7c, 0xb8, 0x4d, 0x64, 0x1b, 
	0xb7, 0xb9, 0xb7, 0x1b, 0x15, 0x89, 0x62, 0x45, 
	0x1e, 0x21, 0x1a, 0xba, 0x1b, 0x49, 0x49, 0xbb, 
	0x29, 0x33, 0xbc, 0x18, 0x4b, 0x3e, 0xa6, 0xa2, 
	0x06, 0x16, 0x53, 0x2b, 0x08, 0x72, 0x52, 0xbd, 
	0xbe, 0xbf, 0xc0, 0xa3, 0x52, 0x0f, 0x02, 0x27, 
	0x18, 0x37, 0x0f, 0x52, 0x36, 0x80, 0xb0, 0xc1, 
	0x52, 0xa3, 0x0f, 0x02, 0xc2, 0x18, 0x71, 0x52, 
	0x17, 0x17, 0x62, 0x22, 0x08, 0x21, 0x1b, 0x2e, 
	0x3d, 0x1d, 0x3d, 0x2e, 0x1b, 0x21, 0x33, 0x27, 
	0x02, 0x81, 0x17, 0x62, 0x51, 0x1d, 0x3d, 0x3d, 
	0x2e, 0x1b, 0x42, 0x02, 0x62, 0x02, 0x09, 0x33, 
	0x68, 0x34, 0x5c, 0x22, 0x3f, 0x70, 0xc3, 0xc4, 
	0x10, 0x10, 0x09, 0xc5, 0x9a, 0x70, 0x01, 0x26, 
	0x33, 0x2c, 0x70, 0x9a, 0xc6, 0x07, 0x10, 0x81, 
	0xc7, 0x9a, 0x69, 0x21, 0xc8, 0x1a, 0xc4, 0x9a, 
	0xa4, 0x3b, 0x32, 0x08, 0x59, 0xa7, 0xa4, 0xc9, 
	0x03, 0x0c, 0x10, 0x05, 0xca, 0xcb, 0x81, 0x21, 
	0x42, 0xa3, 0x77, 0xcc, 0x52, 0x33, 0x73, 0xcd, 
	0x75, 0xa4, 0x05, 0x47, 0x67, 0xbc, 0x0f, 0xa4, 
	0x39, 0x1c, 0x1f, 0x1f, 0x18, 0xce, 0x78, 0x01, 
	0x2b, 0xcf, 0x03, 0x01, 0x78, 0xce, 0x2e, 0x1f, 
	0x1f, 0x1b, 0x29, 0x25, 0x47, 0x18, 0xd0, 0x1a, 
	0x32, 0x39, 0x43, 0x2e, 0x27, 0x27, 0x1b, 0x29, 
	0x5d, 0x25, 0x43, 0x29, 0x21, 0x2a, 0x37, 0x40, 
	0xd1, 0x27, 0x4e, 0x3c, 0xbe, 0x42, 0x25, 0x29, 
	0x29, 0x2d, 0x42, 0x81, 0x3b, 0xb5, 0xb5, 0x17, 
	0x3b, 0x47, 0x42, 0x91, 0x43, 0x25, 0x07, 0x32, 
	0x58, 0x7d, 0x39, 0x39, 0x21, 0x47, 0x40, 0x47, 
	0x4b, 0x1d, 0x3e, 0x37, 0x37, 0x32, 0x78, 0x39, 
	0x39, 0x7e, 0x47, 0x40, 0x81, 0x4b, 0x1d, 0x29, 
	0x38, 0x81, 0x32, 0x25, 0x91, 0x91, 0x42, 0xd2, 
	0x1b, 0xd3, 0x41, 0x41, 0x62, 0x26, 0x33, 0x7e, 
	0xd4, 0xd4, 0xd5, 0x32, 0x22, 0x64, 0x4f, 0x41, 
	0x41, 0x1c, 0x29, 0x33, 0x42, 0x1d, 0xb1, 0x1c, 
	0x47, 0xba, 0x1b, 0x51, 0x1e, 0xd6, 0x65, 0x64, 
	0x6a, 0xd7, 0x34, 0x31, 0x36, 0x52, 0xd8, 0x36, 
	0x1e, 0xb7, 0x29, 0x52, 0x72, 0x92, 0x35, 0xd9, 
	0xd9, 0x2c, 0x52, 0x72, 0x38, 0x4b, 0x1f, 0x33, 
	0x0f, 0x0f, 0xa3, 0xc0, 0xda, 0xdb, 0x6c, 0x52, 
	0x8c, 0x41, 0x1d, 0x1d, 0x50, 0x2e, 0x33, 0x01, 
	0x2b, 0x2b, 0x8e, 0x67, 0x29, 0x62, 0x1f, 0x1d, 
	0x1d, 0x95, 0x18, 0x22, 0x01, 0x96, 0xdc, 0x99, 
	0x1a, 0x29, 0x62, 0x41, 0xb1, 0x1d, 0xb5, 0x1b, 
	0xdd, 0x34, 0x10, 0x07, 0x3b, 0xde, 0x68, 0x52, 
	0xdf, 0xe0, 0x10, 0x0a, 0x97, 0xc7, 0x40, 0x07, 
	0x07, 0x36, 0xe1, 0x6e, 0xc4, 0x64, 0x15, 0x12, 
	0x0b, 0xe1, 0x9a, 0x32, 0x21, 0x42, 0xc6, 0x0a, 
	
};

Texture brodute__2_pal_rgba16[] = {
	0x71, 0x83, 0xbc, 0x0f, 0xd4, 0xd9, 0xd4, 0x95, 
	0xb3, 0x89, 0x79, 0xc3, 0x8a, 0x45, 0xc4, 0x53, 
	0xc4, 0x11, 0xbb, 0xcd, 0x82, 0x05, 0x81, 0xc3, 
	0xdc, 0xd7, 0x9a, 0xc9, 0x79, 0x83, 0x92, 0x85, 
	0xc4, 0x51, 0xc4, 0x13, 0xbb, 0x8d, 0x82, 0x03, 
	0xcc, 0x55, 0xdc, 0x99, 0xcc, 0x95, 0xc4, 0x95, 
	0xe5, 0x5d, 0xc4, 0x4f, 0xc4, 0x93, 0xdd, 0x1d, 
	0xdd, 0x1f, 0xf5, 0xe5, 0xed, 0xa5, 0xed, 0xa3, 
	0xcc, 0xd9, 0xc4, 0x55, 0xd4, 0x97, 0xed, 0x5b, 
	0xdd, 0x19, 0xcc, 0x99, 0xdd, 0x1b, 0xed, 0xa1, 
	0xe5, 0x23, 0xd4, 0xdb, 0xbc, 0x53, 0xe5, 0x1b, 
	0x9b, 0x09, 0xc4, 0x97, 0xe5, 0x61, 0xbb, 0xd1, 
	0x9a, 0xcb, 0xb3, 0x8f, 0xbc, 0x11, 0xcc, 0x97, 
	0xb3, 0xcf, 0xab, 0x4d, 0xa3, 0x0b, 0xab, 0x8d, 
	0xa3, 0x4b, 0xcc, 0x9b, 0xc4, 0x17, 0xab, 0x4b, 
	0xa3, 0x49, 0xed, 0xe3, 0xdd, 0x5f, 0xab, 0x49, 
	0xb3, 0x8d, 0xed, 0xe5, 0xbc, 0x13, 0xd4, 0xdd, 
	0xdc, 0xdd, 0xf6, 0x29, 0xd4, 0xdf, 0xbb, 0xcf, 
	0xee, 0x25, 0xe5, 0xa5, 0xbb, 0x8b, 0xf6, 0x25, 
	0xf5, 0xa5, 0xc4, 0x0f, 0xd4, 0x99, 0xe5, 0x63, 
	0xe5, 0x65, 0xe5, 0xa1, 0x92, 0x87, 0xf5, 0xe3, 
	0xc3, 0xcf, 0x9a, 0xc5, 0x9b, 0x07, 0xbc, 0x17, 
	0xb3, 0xd3, 0xa3, 0x09, 0x92, 0xc5, 0xed, 0x9f, 
	0xe5, 0x1d, 0xbc, 0x15, 0xb4, 0x15, 0x9b, 0x49, 
	0x9b, 0x05, 0xb3, 0x8b, 0xe5, 0x5f, 0xdc, 0xd9, 
	0xdc, 0xdb, 0xe5, 0x1f, 0xdd, 0x5d, 0xbc, 0x51, 
	0x71, 0x85, 0x79, 0x85, 0x92, 0x47, 0x8a, 0x07, 
	0xa2, 0xc9, 0x81, 0x85, 0x81, 0xc5, 0x92, 0x89, 
	0x79, 0xc5, 0xab, 0x09, 0x92, 0x45, 0xd4, 0xd5, 
	0xc4, 0x91, 0x71, 0x41, 0x71, 0xc1, 0x71, 0x81, 
	0xc4, 0x99, 0xbc, 0x57, 0xb4, 0x0d, 0xab, 0x8b, 
	0xf5, 0xa3, 0xc4, 0x57, 0xbc, 0x55, 0xf5, 0xa1, 
	0xb3, 0xd1, 0xb3, 0xcd, 0xc4, 0x59, 0xd4, 0x9f, 
	0xdc, 0xdf, 0xc4, 0x4d, 0xc4, 0x0d, 0xf6, 0x27, 
	0xb3, 0xcb, 0xbb, 0xcb, 0xdc, 0xe1, 0xb4, 0x0b, 
	0xdd, 0x21, 0xed, 0xe7, 0xcc, 0x93, 0xed, 0x63, 
	0xdd, 0x65, 0xd4, 0x9b, 0x9a, 0xc7, 0xf6, 0x21, 
	0xf6, 0x23, 0xed, 0x61, 0xed, 0x5d, 0x79, 0x87, 
	0xab, 0x89, 0xcc, 0x91, 0x79, 0xc7, 0xdc, 0x9b, 
	0x71, 0x87, 0xbb, 0x8f, 0xc4, 0x4b, 0x79, 0x47, 
	0x7a, 0x05, 0x82, 0x47, 0xcc, 0x51, 0x92, 0xc7, 
	0x69, 0x41, 0xc3, 0xd1, 0xcc, 0x13, 0x69, 0x81, 
	0x71, 0x43, 0x71, 0x03, 0xcc, 0x53, 0x71, 0xc3, 
	0xed, 0x9d, 0xc3, 0xcd, 0xcc, 0x9d, 0xd4, 0x9d, 
	0xbb, 0xd5, 0xf5, 0xe7, 0xb3, 0x49, 0xcc, 0x9f, 
	0xcc, 0xdf, 0xe5, 0x9f, 0xf6, 0x67, 0xe5, 0xa3, 
	0xd4, 0x93, 0xe5, 0xe5, 0xd4, 0xd7, 0xdd, 0x63, 
	0xbc, 0x0d, 0x9b, 0x0b, 0xab, 0xcf, 0xab, 0xd1, 
	0xab, 0x8f, 0xab, 0x4f, 0xed, 0xe1, 0x7a, 0x07, 
	0x92, 0xc9, 0x8a, 0x47, 0x92, 0xcb, 0x82, 0x07, 
	0xd5, 0x1b, 0x92, 0x43, 0x61, 0x41, 0x69, 0x83, 
	0x69, 0x01, 0xbc, 0x4f, 0xcc, 0xdb, 0xed, 0x1b, 
	0xdd, 0x5b, 0xed, 0x5f, 0xbb, 0xd3, 0xdd, 0x61, 
	0xee, 0x27, 0xd5, 0x1f, 0xed, 0x65, 0xa3, 0x4d, 
	0x8a, 0x05, 0xb3, 0x91, 0xb3, 0xd5, 0xb3, 0x53, 
	0xed, 0x17, 0x79, 0x89, 0x79, 0xc9, 0xe5, 0x19, 
	0xdd, 0x17, 0x81, 0xc7, 
};

Texture brodute__3_ci8[] = {
	0x00, 0x01, 0x02, 0x03, 0x03, 0x04, 0x05, 0x05, 
	0x05, 0x06, 0x07, 0x07, 0x08, 0x09, 0x0a, 0x0b, 
	0x0c, 0x0d, 0x07, 0x05, 0x0e, 0x0f, 0x0f, 0x0f, 
	0x10, 0x06, 0x07, 0x11, 0x12, 0x13, 0x13, 0x14, 
	0x01, 0x15, 0x16, 0x07, 0x07, 0x07, 0x03, 0x03, 
	0x07, 0x07, 0x07, 0x17, 0x07, 0x18, 0x19, 0x02, 
	0x1a, 0x07, 0x07, 0x1b, 0x05, 0x06, 0x06, 0x05, 
	0x06, 0x03, 0x07, 0x1c, 0x1d, 0x02, 0x12, 0x09, 
	0x1e, 0x1f, 0x07, 0x07, 0x17, 0x17, 0x20, 0x21, 
	0x22, 0x07, 0x07, 0x07, 0x17, 0x07, 0x07, 0x07, 
	0x17, 0x07, 0x03, 0x03, 0x17, 0x17, 0x07, 0x07, 
	0x07, 0x07, 0x07, 0x03, 0x1a, 0x02, 0x23, 0x24, 
	0x25, 0x03, 0x07, 0x07, 0x17, 0x26, 0x27, 0x28, 
	0x29, 0x11, 0x07, 0x07, 0x03, 0x04, 0x07, 0x07, 
	0x07, 0x07, 0x04, 0x07, 0x07, 0x2a, 0x2b, 0x2c, 
	0x2d, 0x2e, 0x07, 0x07, 0x07, 0x2f, 0x2a, 0x30, 
	0x07, 0x03, 0x04, 0x07, 0x07, 0x31, 0x0b, 0x15, 
	0x28, 0x0a, 0x22, 0x07, 0x06, 0x32, 0x32, 0x33, 
	0x34, 0x06, 0x03, 0x07, 0x19, 0x35, 0x36, 0x37, 
	0x36, 0x37, 0x38, 0x07, 0x17, 0x07, 0x07, 0x07, 
	0x05, 0x34, 0x1b, 0x07, 0x20, 0x0b, 0x39, 0x3a, 
	0x0b, 0x3b, 0x1a, 0x07, 0x06, 0x0e, 0x0f, 0x3c, 
	0x0f, 0x06, 0x17, 0x20, 0x0b, 0x3d, 0x3e, 0x36, 
	0x36, 0x3d, 0x3d, 0x3f, 0x03, 0x03, 0x04, 0x05, 
	0x0e, 0x0f, 0x33, 0x07, 0x20, 0x23, 0x00, 0x31, 
	0x40, 0x41, 0x1a, 0x07, 0x06, 0x0e, 0x42, 0x0f, 
	0x34, 0x07, 0x17, 0x2a, 0x3e, 0x43, 0x3d, 0x3e, 
	0x3d, 0x3d, 0x3d, 0x09, 0x44, 0x03, 0x45, 0x0f, 
	0x3c, 0x42, 0x33, 0x03, 0x17, 0x46, 0x29, 0x24, 
	0x23, 0x47, 0x1a, 0x07, 0x04, 0x10, 0x42, 0x45, 
	0x03, 0x17, 0x17, 0x48, 0x49, 0x4a, 0x4a, 0x4b, 
	0x4c, 0x4d, 0x4e, 0x2c, 0x07, 0x03, 0x32, 0x3c, 
	0x0f, 0x45, 0x04, 0x07, 0x17, 0x22, 0x14, 0x0c, 
	0x00, 0x00, 0x25, 0x07, 0x04, 0x10, 0x10, 0x04, 
	0x07, 0x17, 0x07, 0x0d, 0x4f, 0x35, 0x3d, 0x50, 
	0x51, 0x07, 0x07, 0x07, 0x07, 0x03, 0x33, 0x0f, 
	0x06, 0x03, 0x17, 0x17, 0x07, 0x17, 0x25, 0x52, 
	0x00, 0x28, 0x53, 0x03, 0x04, 0x32, 0x32, 0x03, 
	0x17, 0x03, 0x04, 0x17, 0x07, 0x30, 0x54, 0x2c, 
	0x03, 0x07, 0x07, 0x17, 0x17, 0x07, 0x04, 0x1b, 
	0x07, 0x07, 0x07, 0x07, 0x07, 0x07, 0x07, 0x25, 
	0x55, 0x56, 0x44, 0x07, 0x04, 0x32, 0x10, 0x04, 
	0x17, 0x06, 0x06, 0x17, 0x17, 0x07, 0x57, 0x20, 
	0x07, 0x04, 0x04, 0x17, 0x17, 0x17, 0x07, 0x07, 
	0x58, 0x25, 0x59, 0x2d, 0x5a, 0x58, 0x17, 0x07, 
	0x03, 0x03, 0x07, 0x07, 0x06, 0x0f, 0x42, 0x33, 
	0x06, 0x33, 0x03, 0x17, 0x07, 0x07, 0x07, 0x17, 
	0x03, 0x5b, 0x07, 0x07, 0x5c, 0x5d, 0x5e, 0x07, 
	0x5f, 0x60, 0x61, 0x62, 0x63, 0x64, 0x07, 0x07, 
	0x07, 0x07, 0x17, 0x03, 0x33, 0x42, 0x3c, 0x42, 
	0x0e, 0x34, 0x07, 0x17, 0x06, 0x04, 0x17, 0x17, 
	0x04, 0x64, 0x17, 0x20, 0x54, 0x5f, 0x61, 0x5c, 
	0x1f, 0x65, 0x09, 0x66, 0x2b, 0x44, 0x07, 0x17, 
	0x07, 0x03, 0x04, 0x34, 0x0f, 0x3c, 0x3c, 0x3c, 
	0x3c, 0x1b, 0x07, 0x07, 0x45, 0x33, 0x04, 0x04, 
	0x04, 0x07, 0x07, 0x2b, 0x67, 0x65, 0x19, 0x54, 
	0x68, 0x3f, 0x25, 0x2b, 0x08, 0x25, 0x03, 0x17, 
	0x07, 0x05, 0x33, 0x0e, 0x42, 0x42, 0x0e, 0x42, 
	0x3c, 0x0f, 0x1b, 0x45, 0x0f, 0x10, 0x32, 0x34, 
	0x03, 0x17, 0x07, 0x22, 0x31, 0x36, 0x52, 0x21, 
	0x3d, 0x36, 0x69, 0x61, 0x6a, 0x64, 0x07, 0x07, 
	0x04, 0x05, 0x32, 0x10, 0x45, 0x1b, 0x04, 0x1b, 
	0x0e, 0x42, 0x42, 0x0e, 0x45, 0x04, 0x04, 0x04, 
	0x03, 0x04, 0x07, 0x07, 0x07, 0x6b, 0x61, 0x19, 
	0x67, 0x6c, 0x3f, 0x6d, 0x44, 0x07, 0x17, 0x03, 
	0x05, 0x45, 0x0e, 0x33, 0x03, 0x07, 0x17, 0x07, 
	0x06, 0x0e, 0x32, 0x04, 0x17, 0x17, 0x17, 0x17, 
	0x17, 0x07, 0x03, 0x03, 0x07, 0x07, 0x2e, 0x6e, 
	0x59, 0x48, 0x22, 0x6f, 0x03, 0x17, 0x07, 0x03, 
	0x07, 0x04, 0x1b, 0x06, 0x17, 0x20, 0x17, 0x17, 
	0x03, 0x34, 0x07, 0x17, 0x17, 0x26, 0x70, 0x70, 
	0x1a, 0x17, 0x17, 0x03, 0x04, 0x07, 0x07, 0x2e, 
	0x03, 0x17, 0x07, 0x03, 0x07, 0x07, 0x17, 0x17, 
	0x17, 0x17, 0x07, 0x07, 0x20, 0x4f, 0x2a, 0x07, 
	0x03, 0x03, 0x17, 0x20, 0x71, 0x28, 0x3b, 0x40, 
	0x40, 0x13, 0x17, 0x17, 0x04, 0x04, 0x07, 0x07, 
	0x07, 0x03, 0x07, 0x17, 0x07, 0x07, 0x17, 0x26, 
	0x11, 0x20, 0x17, 0x20, 0x30, 0x40, 0x72, 0x07, 
	0x07, 0x17, 0x17, 0x73, 0x74, 0x00, 0x75, 0x76, 
	0x2a, 0x0b, 0x75, 0x17, 0x07, 0x45, 0x06, 0x03, 
	0x06, 0x33, 0x34, 0x06, 0x03, 0x07, 0x2a, 0x00, 
	0x0b, 0x77, 0x30, 0x71, 0x39, 0x18, 0x17, 0x07, 
	0x07, 0x17, 0x13, 0x74, 0x43, 0x71, 0x26, 0x78, 
	0x15, 0x39, 0x09, 0x17, 0x17, 0x34, 0x0e, 0x45, 
	0x0f, 0x42, 0x3c, 0x32, 0x03, 0x17, 0x71, 0x31, 
	0x75, 0x52, 0x40, 0x23, 0x70, 0x17, 0x07, 0x07, 
	0x17, 0x17, 0x47, 0x74, 0x35, 0x79, 0x7a, 0x41, 
	0x15, 0x26, 0x1f, 0x20, 0x17, 0x06, 0x42, 0x42, 
	0x3c, 0x3c, 0x3c, 0x33, 0x07, 0x17, 0x66, 0x75, 
	0x26, 0x14, 0x15, 0x1f, 0x0d, 0x17, 0x03, 0x03, 
	0x17, 0x17, 0x0a, 0x74, 0x28, 0x12, 0x26, 0x12, 
	0x24, 0x75, 0x7a, 0x17, 0x17, 0x04, 0x42, 0x3c, 
	0x10, 0x0e, 0x42, 0x1b, 0x17, 0x17, 0x7b, 0x02, 
	0x16, 0x79, 0x23, 0x0d, 0x17, 0x17, 0x04, 0x07, 
	0x07, 0x07, 0x6b, 0x7c, 0x7d, 0x12, 0x30, 0x2a, 
	0x7e, 0x7f, 0x02, 0x17, 0x17, 0x04, 0x10, 0x0e, 
	0x04, 0x04, 0x45, 0x03, 0x17, 0x80, 0x1e, 0x61, 
	0x76, 0x2a, 0x72, 0x17, 0x07, 0x03, 0x04, 0x03, 
	0x07, 0x17, 0x07, 0x81, 0x82, 0x2a, 0x3a, 0x77, 
	0x30, 0x83, 0x7b, 0x17, 0x17, 0x03, 0x06, 0x05, 
	0x07, 0x07, 0x07, 0x17, 0x17, 0x70, 0x23, 0x40, 
	0x84, 0x72, 0x17, 0x03, 0x05, 0x03, 0x07, 0x20, 
	0x1a, 0x1a, 0x07, 0x07, 0x2e, 0x48, 0x75, 0x39, 
	0x15, 0x66, 0x20, 0x17, 0x17, 0x07, 0x07, 0x07, 
	0x72, 0x17, 0x07, 0x07, 0x30, 0x09, 0x23, 0x31, 
	0x79, 0x2a, 0x17, 0x04, 0x04, 0x58, 0x30, 0x30, 
	0x75, 0x7f, 0x2e, 0x17, 0x03, 0x25, 0x1a, 0x26, 
	0x1a, 0x17, 0x17, 0x17, 0x07, 0x22, 0x72, 0x20, 
	0x30, 0x2a, 0x0d, 0x2e, 0x66, 0x11, 0x85, 0x7a, 
	0x40, 0x72, 0x17, 0x05, 0x03, 0x6d, 0x31, 0x21, 
	0x1a, 0x2e, 0x13, 0x07, 0x07, 0x07, 0x17, 0x17, 
	0x17, 0x17, 0x17, 0x17, 0x1a, 0x75, 0x78, 0x30, 
	0x75, 0x14, 0x2a, 0x5e, 0x5e, 0x03, 0x07, 0x17, 
	0x20, 0x17, 0x03, 0x34, 0x03, 0x86, 0x0b, 0x31, 
	0x3a, 0x12, 0x2a, 0x03, 0x04, 0x07, 0x17, 0x17, 
	0x17, 0x07, 0x17, 0x17, 0x11, 0x1d, 0x77, 0x7b, 
	0x87, 0x88, 0x7e, 0x07, 0x03, 0x04, 0x03, 0x07, 
	0x07, 0x03, 0x1b, 0x06, 0x5e, 0x14, 0x73, 0x25, 
	0x31, 0x12, 0x5e, 0x89, 0x10, 0x33, 0x34, 0x45, 
	0x45, 0x03, 0x17, 0x20, 0x70, 0x7b, 0x13, 0x13, 
	0x09, 0x8a, 0x7b, 0x07, 0x03, 0x33, 0x32, 0x33, 
	0x33, 0x32, 0x1b, 0x03, 0x30, 0x15, 0x31, 0x20, 
	0x1e, 0x08, 0x5e, 0x33, 0x42, 0x42, 0x42, 0x42, 
	0x10, 0x03, 0x17, 0x1c, 0x13, 0x40, 0x7b, 0x75, 
	0x00, 0x01, 0x1f, 0x07, 0x03, 0x33, 0x3c, 0x3c, 
	0x3c, 0x42, 0x03, 0x25, 0x14, 0x09, 0x1d, 0x25, 
	0x19, 0x1f, 0x03, 0x10, 0x42, 0x3c, 0x3c, 0x42, 
	0x45, 0x07, 0x17, 0x2e, 0x23, 0x1e, 0x77, 0x02, 
	
};

Texture brodute__3_pal_rgba16[] = {
	0xde, 0x73, 0xde, 0xb5, 0xa3, 0x9b, 0x89, 0x07, 
	0x91, 0x07, 0xa1, 0x07, 0x99, 0x07, 0x81, 0x07, 
	0xa3, 0x59, 0xcd, 0x6b, 0xd5, 0xef, 0xcd, 0xad, 
	0xc4, 0xe7, 0x81, 0x09, 0xd9, 0x07, 0xe1, 0x07, 
	0xd1, 0x07, 0x92, 0x95, 0xac, 0x1f, 0x9b, 0x59, 
	0xb4, 0x63, 0xc5, 0x29, 0x89, 0xcf, 0x79, 0x07, 
	0x92, 0x11, 0x9a, 0xd5, 0x89, 0xcd, 0xa9, 0x07, 
	0x89, 0x8d, 0x9b, 0x19, 0xbc, 0xe7, 0x9b, 0x17, 
	0x81, 0x49, 0x9a, 0xd7, 0x89, 0x8b, 0xb4, 0xa5, 
	0xc5, 0x6b, 0x91, 0xcd, 0x8a, 0x0f, 0xde, 0x71, 
	0xe6, 0xf7, 0xde, 0x31, 0x92, 0x51, 0xa3, 0x17, 
	0x9a, 0x0f, 0xa2, 0x95, 0x92, 0x0f, 0x89, 0x4b, 
	0x92, 0x93, 0xbc, 0xa5, 0xc9, 0x07, 0xc1, 0x07, 
	0xb1, 0x07, 0xe6, 0xb5, 0xee, 0xf7, 0xee, 0xb5, 
	0xb4, 0x21, 0xbc, 0xe5, 0xac, 0x21, 0xd6, 0x31, 
	0xe9, 0x09, 0xef, 0x39, 0xef, 0x37, 0xb4, 0x61, 
	0xac, 0x61, 0xc5, 0x69, 0xe9, 0x07, 0xef, 0x7b, 
	0x91, 0x8b, 0xb9, 0x07, 0xab, 0xdf, 0xcd, 0xab, 
	0x91, 0xcf, 0xe6, 0x73, 0xf7, 0x7b, 0xe6, 0xf5, 
	0xd5, 0xab, 0xcc, 0xa5, 0xc3, 0x5b, 0xab, 0xdd, 
	0xcc, 0x21, 0x91, 0x4b, 0xab, 0x9d, 0x99, 0xcf, 
	0xcc, 0xe7, 0xab, 0x17, 0xbb, 0xdd, 0x92, 0x53, 
	0x89, 0x09, 0xa2, 0xd5, 0x99, 0x8d, 0xa1, 0x09, 
	0x9a, 0x93, 0xaa, 0x95, 0x89, 0x49, 0xbc, 0x1f, 
	0xc4, 0x63, 0xc4, 0xa5, 0xb3, 0xdf, 0x9a, 0x51, 
	0x91, 0x49, 0xab, 0x9b, 0xa3, 0x5b, 0xd5, 0xad, 
	0xd5, 0xed, 0xdd, 0xef, 0x9a, 0x95, 0xab, 0x5b, 
	0xcd, 0x29, 0xa2, 0xd7, 0xbc, 0x63, 0x91, 0x09, 
	0x92, 0xd5, 0xb4, 0xa3, 0x81, 0x8b, 0xc5, 0x27, 
	0xf7, 0xbd, 0x93, 0x17, 0x81, 0xcd, 0xa3, 0xdd, 
	0x9b, 0x9b, 0xa3, 0xdf, 0x8a, 0x11, 0x9b, 0x5b, 
	0xe5, 0xed, 0xd5, 0x6b, 0x92, 0xd7, 0xa3, 0x9d, 
	0x79, 0x09, 0x9a, 0x11, 0xaa, 0xd5, 0x8a, 0x51, 
	0x79, 0x8b, 0x81, 0x8d, 0xb4, 0x1f, 0xac, 0x63, 
	0xcd, 0xed, 0xa9, 0x09, 0xde, 0xb3, 
};

Vtx brodute_node_mesh_layer_1_vtx_cull[8] = {
	{{{-41, 3, 33}, 0, {0, 0}, {0x00, 0x00, 0x00, 0x00}}},
	{{{-41, 173, 33}, 0, {0, 0}, {0x00, 0x00, 0x00, 0x00}}},
	{{{-41, 173, -51}, 0, {0, 0}, {0x00, 0x00, 0x00, 0x00}}},
	{{{-41, 3, -51}, 0, {0, 0}, {0x00, 0x00, 0x00, 0x00}}},
	{{{41, 3, 33}, 0, {0, 0}, {0x00, 0x00, 0x00, 0x00}}},
	{{{41, 173, 33}, 0, {0, 0}, {0x00, 0x00, 0x00, 0x00}}},
	{{{41, 173, -51}, 0, {0, 0}, {0x00, 0x00, 0x00, 0x00}}},
	{{{41, 3, -51}, 0, {0, 0}, {0x00, 0x00, 0x00, 0x00}}},
};

Vtx brodute_node_mesh_layer_1_vtx_0[168] = {
	{{{41, 149, 0}, 0, {995, 1012}, {0x7C, 0x1D, 0xFE, 0xFF}}},
	{{{32, 142, 2}, 0, {990, 1012}, {0x3B, 0xB1, 0x50, 0xFF}}},
	{{{31, 142, -1}, 0, {990, 1012}, {0x33, 0xA8, 0xB4, 0xFF}}},
	{{{19, 153, -3}, 0, {990, 1020}, {0x1C, 0x5B, 0xAC, 0xFF}}},
	{{{19, 153, 3}, 0, {990, 1020}, {0x1C, 0x5D, 0x52, 0xFF}}},
	{{{20, 145, 3}, 0, {988, 1016}, {0x10, 0x0B, 0x7E, 0xFF}}},
	{{{41, 149, 0}, 0, {995, 1011}, {0x7C, 0x1D, 0xFE, 0xFF}}},
	{{{41, 149, 0}, 0, {995, 1013}, {0x7C, 0x1D, 0xFE, 0xFF}}},
	{{{31, 142, -1}, 0, {990, 1013}, {0x33, 0xA8, 0xB4, 0xFF}}},
	{{{20, 138, -3}, 0, {986, 1014}, {0x2B, 0xAA, 0xAE, 0xFF}}},
	{{{19, 153, -3}, 0, {990, 1022}, {0x1C, 0x5B, 0xAC, 0xFF}}},
	{{{20, 138, -3}, 0, {986, 1015}, {0x2B, 0xAA, 0xAE, 0xFF}}},
	{{{-19, 153, -3}, 0, {990, 1021}, {0xE4, 0x5B, 0xAC, 0xFF}}},
	{{{-20, 138, -3}, 0, {987, 1015}, {0xD5, 0xAA, 0xAE, 0xFF}}},
	{{{-41, 149, 0}, 0, {995, 1013}, {0x84, 0x1D, 0xFE, 0xFF}}},
	{{{24, 151, -2}, 0, {974, 1025}, {0x7F, 0x00, 0x00, 0xFF}}},
	{{{24, 139, 2}, 0, {976, 1029}, {0x79, 0xE6, 0x1A, 0xFF}}},
	{{{24, 136, -2}, 0, {977, 1031}, {0x74, 0xCD, 0x01, 0xFF}}},
	{{{24, 145, 5}, 0, {975, 1027}, {0x7B, 0xF3, 0x1B, 0xFF}}},
	{{{9, 135, 22}, 0, {981, 1026}, {0x33, 0xCB, 0x68, 0xFF}}},
	{{{8, 132, 20}, 0, {982, 1027}, {0x30, 0xA5, 0x4B, 0xFF}}},
	{{{17, 134, 15}, 0, {979, 1029}, {0x5B, 0xC2, 0x3F, 0xFF}}},
	{{{16, 129, 9}, 0, {980, 1031}, {0x47, 0x9E, 0x26, 0xFF}}},
	{{{0, 125, 12}, 0, {985, 1028}, {0x00, 0x87, 0x28, 0xFF}}},
	{{{0, 130, 22}, 0, {984, 1026}, {0x00, 0xA2, 0x55, 0xFF}}},
	{{{-8, 132, 20}, 0, {986, 1023}, {0xD0, 0xA5, 0x4B, 0xFF}}},
	{{{-16, 129, 9}, 0, {989, 1023}, {0xB9, 0x9E, 0x26, 0xFF}}},
	{{{-17, 134, 15}, 0, {989, 1020}, {0xA5, 0xC2, 0x3F, 0xFF}}},
	{{{-9, 135, 22}, 0, {986, 1022}, {0xCD, 0xCB, 0x68, 0xFF}}},
	{{{-24, 139, 2}, 0, {990, 1017}, {0x87, 0xE6, 0x1A, 0xFF}}},
	{{{-24, 136, -2}, 0, {990, 1018}, {0x8C, 0xCD, 0x01, 0xFF}}},
	{{{-24, 151, -2}, 0, {988, 1013}, {0x81, 0x00, 0x00, 0xFF}}},
	{{{-24, 145, 5}, 0, {989, 1015}, {0x85, 0xF3, 0x1B, 0xFF}}},
	{{{-16, 142, 21}, 0, {987, 1018}, {0xB0, 0xEB, 0x61, 0xFF}}},
	{{{-21, 150, 14}, 0, {987, 1013}, {0x94, 0xEF, 0x40, 0xFF}}},
	{{{-24, 159, 12}, 0, {986, 1009}, {0x8B, 0xF4, 0x30, 0xFF}}},
	{{{-16, 127, -2}, 0, {990, 1023}, {0xC0, 0x93, 0xF9, 0xFF}}},
	{{{0, 123, -2}, 0, {986, 1029}, {0x00, 0x81, 0xFB, 0xFF}}},
	{{{0, 125, -10}, 0, {986, 1029}, {0x00, 0x88, 0xD6, 0xFF}}},
	{{{16, 127, -2}, 0, {990, 1023}, {0x40, 0x93, 0xF9, 0xFF}}},
	{{{16, 129, -8}, 0, {989, 1023}, {0x42, 0x9C, 0xD7, 0xFF}}},
	{{{24, 136, -2}, 0, {990, 1018}, {0x74, 0xCD, 0x01, 0xFF}}},
	{{{16, 129, 9}, 0, {989, 1023}, {0x47, 0x9E, 0x26, 0xFF}}},
	{{{24, 139, 2}, 0, {990, 1017}, {0x79, 0xE6, 0x1A, 0xFF}}},
	{{{17, 134, 15}, 0, {989, 1020}, {0x5B, 0xC2, 0x3F, 0xFF}}},
	{{{24, 145, 5}, 0, {989, 1015}, {0x7B, 0xF3, 0x1B, 0xFF}}},
	{{{16, 142, 21}, 0, {987, 1018}, {0x50, 0xEB, 0x61, 0xFF}}},
	{{{21, 150, 14}, 0, {987, 1013}, {0x6C, 0xEF, 0x40, 0xFF}}},
	{{{24, 159, 12}, 0, {986, 1009}, {0x75, 0xF4, 0x30, 0xFF}}},
	{{{9, 135, 22}, 0, {986, 1022}, {0x33, 0xCB, 0x68, 0xFF}}},
	{{{0, 140, 26}, 0, {983, 1022}, {0x00, 0xF6, 0x7F, 0xFF}}},
	{{{0, 135, 25}, 0, {983, 1024}, {0x00, 0xD4, 0x77, 0xFF}}},
	{{{-9, 135, 22}, 0, {981, 1026}, {0xCD, 0xCB, 0x68, 0xFF}}},
	{{{-16, 142, 21}, 0, {978, 1026}, {0xB0, 0xEB, 0x61, 0xFF}}},
	{{{-17, 134, 15}, 0, {979, 1029}, {0xA5, 0xC2, 0x3F, 0xFF}}},
	{{{-16, 127, -2}, 0, {981, 1032}, {0xC0, 0x93, 0xF9, 0xFF}}},
	{{{-16, 129, -8}, 0, {980, 1031}, {0xBE, 0x9C, 0xD7, 0xFF}}},
	{{{-24, 136, -2}, 0, {977, 1031}, {0x8C, 0xCD, 0x01, 0xFF}}},
	{{{24, 159, 12}, 0, {-120, 1961}, {0x75, 0xF4, 0x30, 0xFF}}},
	{{{16, 159, 21}, 0, {308, 2028}, {0x45, 0xFC, 0x6B, 0xFF}}},
	{{{21, 150, 14}, 0, {26, 2529}, {0x6C, 0xEF, 0x40, 0xFF}}},
	{{{16, 142, 21}, 0, {319, 3019}, {0x50, 0xEB, 0x61, 0xFF}}},
	{{{0, 159, 25}, 0, {983, 2043}, {0x00, 0x03, 0x7F, 0xFF}}},
	{{{0, 140, 26}, 0, {1004, 3127}, {0x00, 0xF6, 0x7F, 0xFF}}},
	{{{0, 159, 25}, 0, {983, 2043}, {0x00, 0x03, 0x7F, 0xFF}}},
	{{{-16, 142, 21}, 0, {319, 3019}, {0xB0, 0xEB, 0x61, 0xFF}}},
	{{{0, 140, 26}, 0, {1004, 3127}, {0x00, 0xF6, 0x7F, 0xFF}}},
	{{{-16, 159, 21}, 0, {308, 2028}, {0xBB, 0xFC, 0x6B, 0xFF}}},
	{{{-21, 150, 14}, 0, {26, 2529}, {0x94, 0xEF, 0x40, 0xFF}}},
	{{{-24, 159, 12}, 0, {-120, 1961}, {0x8B, 0xF4, 0x30, 0xFF}}},
	{{{32, 142, 2}, 0, {990, 1011}, {0x3B, 0xB1, 0x50, 0xFF}}},
	{{{20, 138, 4}, 0, {986, 1013}, {0x2C, 0xAD, 0x55, 0xFF}}},
	{{{31, 142, -1}, 0, {990, 1012}, {0x33, 0xA8, 0xB4, 0xFF}}},
	{{{20, 138, -3}, 0, {986, 1013}, {0x2B, 0xAA, 0xAE, 0xFF}}},
	{{{41, 149, 0}, 0, {995, 1011}, {0x7C, 0x1D, 0xFE, 0xFF}}},
	{{{20, 145, 3}, 0, {988, 1017}, {0x10, 0x0B, 0x7E, 0xFF}}},
	{{{32, 142, 2}, 0, {991, 1011}, {0x3B, 0xB1, 0x50, 0xFF}}},
	{{{-19, 153, 3}, 0, {990, 1020}, {0xE4, 0x5D, 0x52, 0xFF}}},
	{{{-19, 153, -3}, 0, {990, 1020}, {0xE4, 0x5B, 0xAC, 0xFF}}},
	{{{-41, 149, 0}, 0, {995, 1012}, {0x84, 0x1D, 0xFE, 0xFF}}},
	{{{-20, 145, 3}, 0, {988, 1017}, {0xF0, 0x0B, 0x7E, 0xFF}}},
	{{{-32, 142, 2}, 0, {990, 1012}, {0xC5, 0xB1, 0x50, 0xFF}}},
	{{{-31, 142, -1}, 0, {990, 1012}, {0xCD, 0xA8, 0xB4, 0xFF}}},
	{{{-20, 138, -3}, 0, {986, 1014}, {0xD5, 0xAA, 0xAE, 0xFF}}},
	{{{-20, 138, 4}, 0, {986, 1013}, {0xD4, 0xAD, 0x55, 0xFF}}},
	{{{-20, 138, -3}, 0, {986, 1013}, {0xD5, 0xAA, 0xAE, 0xFF}}},
	{{{3, 128, 2}, 0, {986, 1028}, {0x6B, 0x00, 0x45, 0xFF}}},
	{{{0, 119, 4}, 0, {987, 1031}, {0x08, 0x00, 0x7F, 0xFF}}},
	{{{3, 119, 2}, 0, {988, 1031}, {0x6B, 0x00, 0x45, 0xFF}}},
	{{{0, 128, 4}, 0, {985, 1028}, {0x08, 0x00, 0x7F, 0xFF}}},
	{{{-4, 119, 2}, 0, {986, 1032}, {0x9A, 0x00, 0x4B, 0xFF}}},
	{{{-4, 128, 2}, 0, {985, 1029}, {0x9A, 0x00, 0x4B, 0xFF}}},
	{{{-5, 128, -4}, 0, {984, 1029}, {0x8D, 0x00, 0xCB, 0xFF}}},
	{{{-5, 119, -4}, 0, {986, 1033}, {0x8D, 0x00, 0xCB, 0xFF}}},
	{{{0, 119, -7}, 0, {987, 1031}, {0x07, 0x00, 0x81, 0xFF}}},
	{{{0, 128, -7}, 0, {985, 1028}, {0x07, 0x00, 0x81, 0xFF}}},
	{{{4, 119, -4}, 0, {988, 1030}, {0x76, 0x00, 0xD1, 0xFF}}},
	{{{4, 128, -4}, 0, {987, 1027}, {0x76, 0x00, 0xD1, 0xFF}}},
	{{{-4, 141, -23}, 0, {1707, 2765}, {0x90, 0xC5, 0x0B, 0xFF}}},
	{{{0, 138, -26}, 0, {1710, 2785}, {0xFA, 0x9B, 0xB3, 0xFF}}},
	{{{0, 138, -22}, 0, {1710, 2785}, {0xFA, 0x81, 0x08, 0xFF}}},
	{{{-4, 140, -26}, 0, {1707, 2765}, {0xA9, 0xB9, 0xC4, 0xFF}}},
	{{{-4, 145, -27}, 0, {1693, 2759}, {0xAA, 0x1F, 0xA8, 0xFF}}},
	{{{-4, 146, -24}, 0, {1693, 2759}, {0x98, 0x46, 0xE9, 0xFF}}},
	{{{0, 148, -24}, 0, {1683, 2772}, {0xF9, 0x7F, 0xF8, 0xFF}}},
	{{{0, 148, -27}, 0, {1683, 2772}, {0xFA, 0x64, 0xB2, 0xFF}}},
	{{{4, 146, -24}, 0, {1685, 2792}, {0x6C, 0x41, 0xF3, 0xFF}}},
	{{{4, 145, -27}, 0, {1685, 2792}, {0x57, 0x1A, 0xA7, 0xFF}}},
	{{{4, 141, -23}, 0, {1699, 2798}, {0x73, 0xCE, 0x11, 0xFF}}},
	{{{4, 140, -26}, 0, {1699, 2798}, {0x59, 0xC1, 0xBF, 0xFF}}},
	{{{29, 76, -3}, 0, {1002, 1040}, {0x09, 0xFF, 0x81, 0xFF}}},
	{{{33, 53, 0}, 0, {1007, 1047}, {0x7F, 0x05, 0x00, 0xFF}}},
	{{{31, 52, -2}, 0, {1006, 1048}, {0x16, 0xFE, 0x83, 0xFF}}},
	{{{32, 77, 0}, 0, {1002, 1039}, {0x7C, 0x1B, 0x00, 0xFF}}},
	{{{18, 104, -3}, 0, {994, 1032}, {0x09, 0x06, 0x81, 0xFF}}},
	{{{15, 103, 0}, 0, {993, 1034}, {0x8A, 0xD2, 0x00, 0xFF}}},
	{{{26, 75, 0}, 0, {1001, 1041}, {0x85, 0xE1, 0x00, 0xFF}}},
	{{{28, 54, 0}, 0, {1005, 1048}, {0x82, 0xF4, 0x00, 0xFF}}},
	{{{31, 52, 2}, 0, {1006, 1048}, {0x16, 0xFE, 0x7D, 0xFF}}},
	{{{29, 76, 3}, 0, {1002, 1040}, {0x09, 0xFF, 0x7F, 0xFF}}},
	{{{18, 104, 3}, 0, {994, 1032}, {0x09, 0x06, 0x7F, 0xFF}}},
	{{{20, 105, 0}, 0, {994, 1031}, {0x75, 0x32, 0x00, 0xFF}}},
	{{{-29, 76, 3}, 0, {1002, 1040}, {0xF7, 0xFF, 0x7F, 0xFF}}},
	{{{-33, 53, 0}, 0, {1007, 1047}, {0x81, 0x05, 0x00, 0xFF}}},
	{{{-31, 52, 2}, 0, {1006, 1048}, {0xEA, 0xFE, 0x7D, 0xFF}}},
	{{{-32, 77, 0}, 0, {1002, 1039}, {0x84, 0x1B, 0x00, 0xFF}}},
	{{{-18, 104, 3}, 0, {994, 1032}, {0xF7, 0x06, 0x7F, 0xFF}}},
	{{{-15, 103, 0}, 0, {993, 1034}, {0x76, 0xD2, 0x00, 0xFF}}},
	{{{-15, 103, 0}, 0, {993, 1034}, {0x76, 0xD2, 0x00, 0xFF}}},
	{{{-29, 76, 3}, 0, {1002, 1040}, {0xF7, 0xFF, 0x7F, 0xFF}}},
	{{{-26, 75, 0}, 0, {1001, 1041}, {0x7B, 0xE1, 0x00, 0xFF}}},
	{{{-31, 52, 2}, 0, {1006, 1048}, {0xEA, 0xFE, 0x7D, 0xFF}}},
	{{{-28, 54, 0}, 0, {1005, 1048}, {0x7E, 0xF4, 0x00, 0xFF}}},
	{{{-31, 52, -2}, 0, {1006, 1048}, {0xEA, 0xFE, 0x83, 0xFF}}},
	{{{-29, 76, -3}, 0, {1002, 1040}, {0xF7, 0xFF, 0x81, 0xFF}}},
	{{{-33, 53, 0}, 0, {1007, 1047}, {0x81, 0x05, 0x00, 0xFF}}},
	{{{-32, 77, 0}, 0, {1002, 1039}, {0x84, 0x1B, 0x00, 0xFF}}},
	{{{-18, 104, -3}, 0, {994, 1032}, {0xF7, 0x06, 0x81, 0xFF}}},
	{{{-20, 105, 0}, 0, {994, 1031}, {0x8B, 0x32, 0x00, 0xFF}}},
	{{{-18, 104, 3}, 0, {994, 1032}, {0xF7, 0x06, 0x7F, 0xFF}}},
	{{{-7, 20, 1}, 0, {1007, 1069}, {0x7F, 0x00, 0xF7, 0xFF}}},
	{{{-11, 40, 5}, 0, {1002, 1055}, {0xF7, 0x00, 0x7F, 0xFF}}},
	{{{-11, 20, 5}, 0, {1008, 1068}, {0xF7, 0x00, 0x7F, 0xFF}}},
	{{{-7, 40, 1}, 0, {1001, 1056}, {0x7F, 0x00, 0xF7, 0xFF}}},
	{{{-11, 20, -2}, 0, {1008, 1068}, {0xF7, 0x00, 0x81, 0xFF}}},
	{{{-11, 40, -2}, 0, {1002, 1055}, {0xF7, 0x00, 0x81, 0xFF}}},
	{{{-14, 20, 1}, 0, {1009, 1067}, {0x81, 0x00, 0xF7, 0xFF}}},
	{{{-14, 40, 1}, 0, {1003, 1054}, {0x81, 0x00, 0xF7, 0xFF}}},
	{{{11, 40, -2}, 0, {1002, 1055}, {0x09, 0x00, 0x81, 0xFF}}},
	{{{7, 20, 1}, 0, {1007, 1069}, {0x81, 0x00, 0xF7, 0xFF}}},
	{{{7, 40, 1}, 0, {1001, 1056}, {0x81, 0x00, 0xF7, 0xFF}}},
	{{{11, 20, -2}, 0, {1008, 1068}, {0x09, 0x00, 0x81, 0xFF}}},
	{{{14, 40, 1}, 0, {1003, 1054}, {0x7F, 0x00, 0xF7, 0xFF}}},
	{{{14, 20, 1}, 0, {1009, 1067}, {0x7F, 0x00, 0xF7, 0xFF}}},
	{{{11, 40, 5}, 0, {1002, 1055}, {0x09, 0x00, 0x7F, 0xFF}}},
	{{{11, 20, 5}, 0, {1008, 1068}, {0x09, 0x00, 0x7F, 0xFF}}},
	{{{-29, 49, -10}, 0, {1006, 1049}, {0x14, 0xFD, 0x83, 0xFF}}},
	{{{-31, 63, 0}, 0, {1004, 1044}, {0xFB, 0x7F, 0x00, 0xFF}}},
	{{{-26, 50, 1}, 0, {1005, 1050}, {0x7D, 0x07, 0x15, 0xFF}}},
	{{{-35, 49, -1}, 0, {1008, 1048}, {0x83, 0xFB, 0xEB, 0xFF}}},
	{{{-30, 36, 0}, 0, {1009, 1054}, {0x05, 0x81, 0x00, 0xFF}}},
	{{{-32, 49, 10}, 0, {1007, 1049}, {0xEC, 0xFC, 0x7D, 0xFF}}},
	{{{29, 49, -10}, 0, {1006, 1049}, {0xEC, 0xFD, 0x83, 0xFF}}},
	{{{31, 63, 0}, 0, {1004, 1044}, {0x05, 0x7F, 0x00, 0xFF}}},
	{{{35, 49, -1}, 0, {1008, 1048}, {0x7D, 0xFB, 0xEB, 0xFF}}},
	{{{26, 50, 1}, 0, {1005, 1050}, {0x83, 0x07, 0x15, 0xFF}}},
	{{{30, 36, 0}, 0, {1009, 1054}, {0xFB, 0x81, 0x00, 0xFF}}},
	{{{32, 49, 10}, 0, {1007, 1049}, {0x14, 0xFC, 0x7D, 0xFF}}},
};

Gfx brodute_node_mesh_layer_1_tri_0[] = {
	gsSPVertex(brodute_node_mesh_layer_1_vtx_0 + 0, 64, 0),
	gsSP2Triangles(0, 1, 2, 0, 0, 3, 4, 0),
	gsSP2Triangles(4, 5, 6, 0, 7, 8, 9, 0),
	gsSP2Triangles(10, 7, 11, 0, 12, 13, 14, 0),
	gsSP2Triangles(15, 16, 17, 0, 15, 18, 16, 0),
	gsSP2Triangles(19, 20, 21, 0, 21, 20, 22, 0),
	gsSP2Triangles(22, 20, 23, 0, 20, 24, 23, 0),
	gsSP2Triangles(24, 25, 23, 0, 23, 25, 26, 0),
	gsSP2Triangles(25, 27, 26, 0, 28, 27, 25, 0),
	gsSP2Triangles(29, 26, 27, 0, 30, 26, 29, 0),
	gsSP2Triangles(31, 30, 29, 0, 31, 29, 32, 0),
	gsSP2Triangles(29, 27, 32, 0, 32, 27, 33, 0),
	gsSP2Triangles(32, 33, 34, 0, 32, 34, 35, 0),
	gsSP2Triangles(36, 26, 30, 0, 37, 26, 36, 0),
	gsSP2Triangles(37, 36, 38, 0, 39, 37, 38, 0),
	gsSP2Triangles(39, 38, 40, 0, 40, 41, 39, 0),
	gsSP2Triangles(39, 41, 42, 0, 41, 43, 42, 0),
	gsSP2Triangles(43, 44, 42, 0, 43, 45, 44, 0),
	gsSP2Triangles(45, 46, 44, 0, 45, 47, 46, 0),
	gsSP2Triangles(45, 48, 47, 0, 46, 49, 44, 0),
	gsSP2Triangles(46, 50, 49, 0, 50, 51, 49, 0),
	gsSP2Triangles(50, 52, 51, 0, 53, 52, 50, 0),
	gsSP2Triangles(53, 54, 52, 0, 23, 26, 37, 0),
	gsSP2Triangles(42, 23, 37, 0, 42, 37, 39, 0),
	gsSP2Triangles(38, 55, 56, 0, 56, 55, 57, 0),
	gsSP2Triangles(58, 59, 60, 0, 60, 59, 61, 0),
	gsSP2Triangles(59, 62, 61, 0, 62, 63, 61, 0),
	gsSPVertex(brodute_node_mesh_layer_1_vtx_0 + 64, 64, 0),
	gsSP2Triangles(0, 1, 2, 0, 3, 1, 0, 0),
	gsSP2Triangles(4, 1, 3, 0, 5, 4, 3, 0),
	gsSP2Triangles(6, 7, 8, 0, 8, 7, 9, 0),
	gsSP2Triangles(10, 11, 12, 0, 11, 7, 12, 0),
	gsSP2Triangles(13, 14, 15, 0, 13, 15, 16, 0),
	gsSP2Triangles(15, 17, 16, 0, 18, 17, 15, 0),
	gsSP2Triangles(15, 19, 18, 0, 20, 17, 18, 0),
	gsSP2Triangles(16, 17, 20, 0, 20, 18, 21, 0),
	gsSP2Triangles(22, 23, 24, 0, 23, 22, 25, 0),
	gsSP2Triangles(25, 26, 23, 0, 26, 25, 27, 0),
	gsSP2Triangles(28, 26, 27, 0, 26, 28, 29, 0),
	gsSP2Triangles(28, 30, 29, 0, 30, 28, 31, 0),
	gsSP2Triangles(31, 32, 30, 0, 32, 31, 33, 0),
	gsSP2Triangles(22, 32, 33, 0, 32, 22, 24, 0),
	gsSP2Triangles(34, 35, 36, 0, 35, 34, 37, 0),
	gsSP2Triangles(34, 38, 37, 0, 38, 34, 39, 0),
	gsSP2Triangles(40, 38, 39, 0, 38, 40, 41, 0),
	gsSP2Triangles(42, 41, 40, 0, 41, 42, 43, 0),
	gsSP2Triangles(44, 43, 42, 0, 43, 44, 45, 0),
	gsSP2Triangles(36, 45, 44, 0, 45, 36, 35, 0),
	gsSP2Triangles(37, 45, 35, 0, 45, 37, 38, 0),
	gsSP2Triangles(45, 38, 43, 0, 43, 38, 41, 0),
	gsSP2Triangles(46, 47, 48, 0, 46, 49, 47, 0),
	gsSP2Triangles(50, 49, 46, 0, 46, 51, 50, 0),
	gsSP2Triangles(51, 46, 52, 0, 46, 48, 52, 0),
	gsSP2Triangles(48, 53, 52, 0, 52, 53, 54, 0),
	gsSP2Triangles(55, 52, 54, 0, 55, 54, 47, 0),
	gsSP2Triangles(49, 55, 47, 0, 49, 56, 55, 0),
	gsSP2Triangles(56, 49, 57, 0, 49, 50, 57, 0),
	gsSP2Triangles(51, 55, 56, 0, 55, 51, 52, 0),
	gsSP2Triangles(58, 59, 60, 0, 61, 59, 58, 0),
	gsSP2Triangles(62, 61, 58, 0, 58, 63, 62, 0),
	gsSPVertex(brodute_node_mesh_layer_1_vtx_0 + 128, 40, 0),
	gsSP2Triangles(0, 1, 2, 0, 1, 3, 2, 0),
	gsSP2Triangles(2, 3, 4, 0, 5, 2, 4, 0),
	gsSP2Triangles(6, 2, 5, 0, 6, 5, 7, 0),
	gsSP2Triangles(6, 7, 8, 0, 8, 9, 6, 0),
	gsSP2Triangles(9, 8, 10, 0, 8, 11, 10, 0),
	gsSP2Triangles(0, 6, 9, 0, 6, 0, 2, 0),
	gsSP2Triangles(12, 13, 14, 0, 13, 12, 15, 0),
	gsSP2Triangles(16, 15, 12, 0, 15, 16, 17, 0),
	gsSP2Triangles(18, 17, 16, 0, 17, 18, 19, 0),
	gsSP2Triangles(14, 19, 18, 0, 19, 14, 13, 0),
	gsSP2Triangles(20, 21, 22, 0, 21, 20, 23, 0),
	gsSP2Triangles(24, 23, 20, 0, 23, 24, 25, 0),
	gsSP2Triangles(26, 25, 24, 0, 25, 26, 27, 0),
	gsSP2Triangles(22, 27, 26, 0, 27, 22, 21, 0),
	gsSP2Triangles(28, 29, 30, 0, 28, 31, 29, 0),
	gsSP2Triangles(28, 32, 31, 0, 28, 30, 32, 0),
	gsSP2Triangles(32, 30, 33, 0, 29, 33, 30, 0),
	gsSP2Triangles(31, 33, 29, 0, 31, 32, 33, 0),
	gsSP2Triangles(34, 35, 36, 0, 34, 37, 35, 0),
	gsSP2Triangles(34, 38, 37, 0, 34, 36, 38, 0),
	gsSP2Triangles(36, 39, 38, 0, 36, 35, 39, 0),
	gsSP2Triangles(35, 37, 39, 0, 38, 39, 37, 0),
	gsSPEndDisplayList(),
};

Vtx brodute_node_mesh_layer_1_vtx_1[240] = {
	{{{-3, 131, -44}, 0, {1080, 989}, {0xC9, 0x2B, 0x96, 0xFF}}},
	{{{3, 131, -44}, 0, {1080, 980}, {0x3B, 0x29, 0x97, 0xFF}}},
	{{{0, 128, -46}, 0, {1076, 985}, {0x04, 0x07, 0x81, 0xFF}}},
	{{{18, 56, 4}, 0, {1037, 952}, {0x63, 0xC7, 0x38, 0xFF}}},
	{{{7, 55, 9}, 0, {1037, 951}, {0x0D, 0x87, 0x23, 0xFF}}},
	{{{16, 54, -1}, 0, {1037, 952}, {0x43, 0x98, 0xE6, 0xFF}}},
	{{{18, 60, -5}, 0, {1038, 954}, {0x66, 0xEC, 0xB7, 0xFF}}},
	{{{18, 56, 4}, 0, {1037, 953}, {0x63, 0xC7, 0x38, 0xFF}}},
	{{{16, 54, -1}, 0, {1037, 954}, {0x43, 0x98, 0xE6, 0xFF}}},
	{{{24, 151, -2}, 0, {1168, 2781}, {0x7F, 0x00, 0x00, 0xFF}}},
	{{{24, 159, 12}, 0, {1179, 2768}, {0x75, 0xF4, 0x30, 0xFF}}},
	{{{24, 145, 5}, 0, {1178, 2784}, {0x7B, 0xF3, 0x1B, 0xFF}}},
	{{{24, 160, -14}, 0, {1154, 2778}, {0x74, 0xFA, 0xCE, 0xFF}}},
	{{{24, 139, -9}, 0, {1167, 2796}, {0x73, 0xD8, 0xDC, 0xFF}}},
	{{{24, 136, -2}, 0, {1175, 2796}, {0x74, 0xCD, 0x01, 0xFF}}},
	{{{16, 132, -14}, 0, {1165, 2805}, {0x44, 0xA9, 0xC1, 0xFF}}},
	{{{16, 129, -8}, 0, {1172, 2804}, {0x42, 0x9C, 0xD7, 0xFF}}},
	{{{0, 128, -17}, 0, {1164, 2809}, {0x00, 0x99, 0xB6, 0xFF}}},
	{{{0, 125, -10}, 0, {1172, 2809}, {0x00, 0x88, 0xD6, 0xFF}}},
	{{{-16, 129, -8}, 0, {1172, 2804}, {0xBE, 0x9C, 0xD7, 0xFF}}},
	{{{-16, 132, -14}, 0, {1165, 2805}, {0xBC, 0xA9, 0xC1, 0xFF}}},
	{{{-24, 136, -2}, 0, {1175, 2796}, {0x8C, 0xCD, 0x01, 0xFF}}},
	{{{-24, 139, -9}, 0, {1167, 2796}, {0x8D, 0xD8, 0xDC, 0xFF}}},
	{{{-24, 151, -2}, 0, {1168, 2781}, {0x81, 0x00, 0x00, 0xFF}}},
	{{{-24, 160, -14}, 0, {1154, 2778}, {0x8C, 0xFA, 0xCE, 0xFF}}},
	{{{-24, 159, 12}, 0, {1179, 2768}, {0x8B, 0xF4, 0x30, 0xFF}}},
	{{{-24, 145, 5}, 0, {1178, 2784}, {0x85, 0xF3, 0x1B, 0xFF}}},
	{{{-24, 144, -12}, 0, {1162, 2793}, {0x8B, 0xEF, 0xD1, 0xFF}}},
	{{{-16, 138, -20}, 0, {1157, 2801}, {0xBD, 0xD0, 0x9F, 0xFF}}},
	{{{-16, 161, -23}, 0, {1145, 2781}, {0xBF, 0xF1, 0x94, 0xFF}}},
	{{{0, 136, -24}, 0, {1154, 2805}, {0x00, 0xCB, 0x8D, 0xFF}}},
	{{{0, 161, -28}, 0, {1141, 2783}, {0x00, 0xEC, 0x83, 0xFF}}},
	{{{16, 161, -23}, 0, {1145, 2781}, {0x41, 0xF1, 0x94, 0xFF}}},
	{{{16, 138, -20}, 0, {1157, 2801}, {0x43, 0xD0, 0x9F, 0xFF}}},
	{{{24, 144, -12}, 0, {1162, 2793}, {0x75, 0xEF, 0xD1, 0xFF}}},
	{{{9, 135, 22}, 0, {1939, 2016}, {0x33, 0xCB, 0x68, 0xFF}}},
	{{{0, 130, 22}, 0, {1662, 1489}, {0x00, 0xA2, 0x55, 0xFF}}},
	{{{8, 132, 20}, 0, {1761, 1980}, {0x30, 0xA5, 0x4B, 0xFF}}},
	{{{0, 135, 25}, 0, {1918, 1489}, {0x00, 0xD4, 0x77, 0xFF}}},
	{{{-9, 135, 22}, 0, {1940, 983}, {0xCD, 0xCB, 0x68, 0xFF}}},
	{{{-8, 132, 20}, 0, {1757, 1017}, {0xD0, 0xA5, 0x4B, 0xFF}}},
	{{{-3, 153, 27}, 0, {365, 2919}, {0x00, 0x00, 0x7F, 0xFF}}},
	{{{-19, 143, 27}, 0, {307, 2894}, {0x00, 0x00, 0x7F, 0xFF}}},
	{{{-3, 143, 27}, 0, {337, 2938}, {0x00, 0x00, 0x7F, 0xFF}}},
	{{{-19, 153, 27}, 0, {336, 2875}, {0x00, 0x00, 0x7F, 0xFF}}},
	{{{19, 153, 27}, 0, {365, 2919}, {0x00, 0x00, 0x7F, 0xFF}}},
	{{{3, 143, 27}, 0, {307, 2894}, {0x00, 0x00, 0x7F, 0xFF}}},
	{{{19, 143, 27}, 0, {337, 2938}, {0x00, 0x00, 0x7F, 0xFF}}},
	{{{3, 153, 27}, 0, {336, 2875}, {0x00, 0x00, 0x7F, 0xFF}}},
	{{{3, 141, -47}, 0, {1083, 979}, {0x3B, 0x4B, 0xAC, 0xFF}}},
	{{{8, 140, -39}, 0, {1092, 972}, {0x7D, 0xEC, 0x05, 0xFF}}},
	{{{6, 135, -46}, 0, {1080, 975}, {0x6F, 0xCA, 0xE2, 0xFF}}},
	{{{0, 139, -50}, 0, {1078, 984}, {0x00, 0x32, 0x8B, 0xFF}}},
	{{{0, 130, -51}, 0, {1072, 985}, {0x00, 0x9D, 0xB0, 0xFF}}},
	{{{-6, 135, -46}, 0, {1081, 993}, {0x91, 0xCA, 0xE2, 0xFF}}},
	{{{-3, 141, -47}, 0, {1083, 989}, {0xC5, 0x4B, 0xAC, 0xFF}}},
	{{{3, 141, -47}, 0, {1083, 980}, {0x3B, 0x4B, 0xAC, 0xFF}}},
	{{{5, 145, -41}, 0, {1093, 977}, {0x45, 0x60, 0xD1, 0xFF}}},
	{{{6, 143, -29}, 0, {1107, 975}, {0x67, 0xFB, 0x49, 0xFF}}},
	{{{3, 147, -35}, 0, {1102, 979}, {0x35, 0x73, 0xF8, 0xFF}}},
	{{{0, 145, -24}, 0, {1113, 983}, {0xFF, 0x17, 0x7D, 0xFF}}},
	{{{0, 148, -31}, 0, {1107, 983}, {0x00, 0x7B, 0x1E, 0xFF}}},
	{{{-6, 135, -46}, 0, {1081, 994}, {0x91, 0xCA, 0xE2, 0xFF}}},
	{{{-8, 140, -39}, 0, {1092, 996}, {0x82, 0xEE, 0x05, 0xFF}}},
	{{{-3, 141, -47}, 0, {1083, 989}, {0xC5, 0x4B, 0xAC, 0xFF}}},
	{{{-8, 140, -39}, 0, {1092, 996}, {0x82, 0xEE, 0x05, 0xFF}}},
	{{{-5, 145, -41}, 0, {1093, 991}, {0xBA, 0x60, 0xD4, 0xFF}}},
	{{{-3, 147, -35}, 0, {1102, 989}, {0xCB, 0x73, 0xF4, 0xFF}}},
	{{{-6, 144, -29}, 0, {1107, 992}, {0x98, 0x0C, 0x48, 0xFF}}},
	{{{0, 145, -24}, 0, {1113, 983}, {0xFF, 0x17, 0x7D, 0xFF}}},
	{{{0, 148, -31}, 0, {1107, 984}, {0x00, 0x7B, 0x1E, 0xFF}}},
	{{{3, 147, -35}, 0, {1102, 979}, {0x35, 0x73, 0xF8, 0xFF}}},
	{{{5, 145, -41}, 0, {1093, 978}, {0x45, 0x60, 0xD1, 0xFF}}},
	{{{-5, 145, -41}, 0, {1093, 992}, {0xBA, 0x60, 0xD4, 0xFF}}},
	{{{3, 141, -47}, 0, {1083, 980}, {0x3B, 0x4B, 0xAC, 0xFF}}},
	{{{-3, 141, -47}, 0, {1083, 990}, {0xC5, 0x4B, 0xAC, 0xFF}}},
	{{{0, 139, -50}, 0, {1078, 985}, {0x00, 0x32, 0x8B, 0xFF}}},
	{{{0, 143, -24}, 0, {1112, 984}, {0xFD, 0x41, 0x6D, 0xFF}}},
	{{{-3, 141, -34}, 0, {1099, 989}, {0xC9, 0x66, 0xCD, 0xFF}}},
	{{{-6, 140, -28}, 0, {1106, 992}, {0x97, 0x21, 0x40, 0xFF}}},
	{{{-8, 133, -36}, 0, {1091, 996}, {0x83, 0xF1, 0x0E, 0xFF}}},
	{{{-5, 137, -40}, 0, {1089, 991}, {0xBD, 0x4D, 0xB4, 0xFF}}},
	{{{-3, 131, -44}, 0, {1080, 989}, {0xC9, 0x2B, 0x96, 0xFF}}},
	{{{-6, 126, -42}, 0, {1080, 993}, {0x8F, 0xCE, 0xE4, 0xFF}}},
	{{{0, 128, -46}, 0, {1075, 984}, {0x04, 0x07, 0x81, 0xFF}}},
	{{{0, 119, -44}, 0, {1072, 984}, {0x02, 0x87, 0xDA, 0xFF}}},
	{{{6, 126, -41}, 0, {1079, 975}, {0x70, 0xC6, 0xF5, 0xFF}}},
	{{{3, 131, -44}, 0, {1080, 979}, {0x3B, 0x29, 0x97, 0xFF}}},
	{{{8, 133, -36}, 0, {1090, 972}, {0x7D, 0xEF, 0x0B, 0xFF}}},
	{{{5, 137, -39}, 0, {1089, 977}, {0x45, 0x4D, 0xB6, 0xFF}}},
	{{{6, 140, -27}, 0, {1105, 975}, {0x62, 0x1B, 0x4C, 0xFF}}},
	{{{3, 141, -34}, 0, {1098, 979}, {0x34, 0x67, 0xCC, 0xFF}}},
	{{{-5, 137, -40}, 0, {1089, 992}, {0xBD, 0x4D, 0xB4, 0xFF}}},
	{{{0, 144, -31}, 0, {1104, 984}, {0x00, 0x7E, 0xEF, 0xFF}}},
	{{{0, 143, -24}, 0, {1112, 983}, {0xFD, 0x41, 0x6D, 0xFF}}},
	{{{3, 131, -44}, 0, {1080, 980}, {0x3B, 0x29, 0x97, 0xFF}}},
	{{{-3, 131, -44}, 0, {1080, 990}, {0xC9, 0x2B, 0x96, 0xFF}}},
	{{{11, 39, -6}, 0, {1036, 953}, {0x01, 0xBF, 0x93, 0xFF}}},
	{{{7, 57, 1}, 0, {1037, 952}, {0x82, 0x10, 0x02, 0xFF}}},
	{{{11, 57, -3}, 0, {1037, 953}, {0x0A, 0x15, 0x83, 0xFF}}},
	{{{5, 39, 1}, 0, {1036, 952}, {0x95, 0xBB, 0x01, 0xFF}}},
	{{{11, 39, 8}, 0, {1036, 951}, {0x00, 0xBF, 0x6D, 0xFF}}},
	{{{17, 39, 1}, 0, {1036, 952}, {0x6C, 0xBD, 0xFF, 0xFF}}},
	{{{11, 57, 5}, 0, {1037, 952}, {0x07, 0x14, 0x7D, 0xFF}}},
	{{{14, 57, 1}, 0, {1037, 952}, {0x7E, 0x13, 0xFF, 0xFF}}},
	{{{11, 39, -6}, 0, {1036, 950}, {0x01, 0xBF, 0x93, 0xFF}}},
	{{{14, 57, 1}, 0, {1037, 950}, {0x7E, 0x13, 0xFF, 0xFF}}},
	{{{17, 39, 1}, 0, {1036, 950}, {0x6C, 0xBD, 0xFF, 0xFF}}},
	{{{11, 57, -3}, 0, {1037, 950}, {0x0A, 0x15, 0x83, 0xFF}}},
	{{{11, 57, 5}, 0, {1037, 950}, {0x07, 0x14, 0x7D, 0xFF}}},
	{{{5, 39, 1}, 0, {1036, 950}, {0x95, 0xBB, 0x01, 0xFF}}},
	{{{11, 39, 8}, 0, {1036, 949}, {0x00, 0xBF, 0x6D, 0xFF}}},
	{{{7, 57, 1}, 0, {1037, 950}, {0x82, 0x10, 0x02, 0xFF}}},
	{{{-11, 57, 5}, 0, {1037, 950}, {0xF9, 0x14, 0x7D, 0xFF}}},
	{{{-5, 39, 1}, 0, {1036, 950}, {0x6B, 0xBB, 0x01, 0xFF}}},
	{{{-7, 57, 1}, 0, {1037, 950}, {0x7E, 0x10, 0x02, 0xFF}}},
	{{{-11, 39, 8}, 0, {1036, 949}, {0x00, 0xBF, 0x6D, 0xFF}}},
	{{{-11, 39, -6}, 0, {1036, 950}, {0xFF, 0xBF, 0x93, 0xFF}}},
	{{{-17, 39, 1}, 0, {1036, 950}, {0x94, 0xBD, 0xFF, 0xFF}}},
	{{{-14, 57, 1}, 0, {1037, 950}, {0x82, 0x13, 0xFF, 0xFF}}},
	{{{-11, 57, -3}, 0, {1037, 950}, {0xF6, 0x15, 0x83, 0xFF}}},
	{{{-11, 39, -6}, 0, {1036, 953}, {0xFF, 0xBF, 0x93, 0xFF}}},
	{{{-7, 57, 1}, 0, {1037, 952}, {0x7E, 0x10, 0x02, 0xFF}}},
	{{{-5, 39, 1}, 0, {1036, 952}, {0x6B, 0xBB, 0x01, 0xFF}}},
	{{{-11, 57, -3}, 0, {1037, 953}, {0xF6, 0x15, 0x83, 0xFF}}},
	{{{-11, 57, 5}, 0, {1037, 952}, {0xF9, 0x14, 0x7D, 0xFF}}},
	{{{-17, 39, 1}, 0, {1036, 952}, {0x94, 0xBD, 0xFF, 0xFF}}},
	{{{-11, 39, 8}, 0, {1036, 951}, {0x00, 0xBF, 0x6D, 0xFF}}},
	{{{-17, 39, 1}, 0, {1036, 952}, {0x94, 0xBD, 0xFF, 0xFF}}},
	{{{-11, 57, 5}, 0, {1037, 952}, {0xF9, 0x14, 0x7D, 0xFF}}},
	{{{-14, 57, 1}, 0, {1037, 952}, {0x82, 0x13, 0xFF, 0xFF}}},
	{{{16, 54, -1}, 0, {1037, 952}, {0x43, 0x98, 0xE6, 0xFF}}},
	{{{7, 55, 9}, 0, {1037, 950}, {0x0D, 0x87, 0x23, 0xFF}}},
	{{{7, 52, -3}, 0, {1037, 951}, {0x19, 0x88, 0xDD, 0xFF}}},
	{{{0, 51, -3}, 0, {1037, 951}, {0x00, 0x85, 0xDF, 0xFF}}},
	{{{0, 55, 9}, 0, {1037, 950}, {0x00, 0x88, 0x28, 0xFF}}},
	{{{-7, 55, 9}, 0, {1037, 949}, {0xF3, 0x87, 0x23, 0xFF}}},
	{{{-7, 52, -3}, 0, {1037, 950}, {0xE7, 0x88, 0xDD, 0xFF}}},
	{{{-16, 54, -1}, 0, {1037, 950}, {0xBD, 0x98, 0xE6, 0xFF}}},
	{{{-18, 56, 4}, 0, {1037, 949}, {0x9D, 0xC7, 0x38, 0xFF}}},
	{{{-18, 60, -5}, 0, {1038, 950}, {0x9A, 0xEC, 0xB7, 0xFF}}},
	{{{-8, 58, -9}, 0, {1037, 951}, {0xE6, 0xD8, 0x8A, 0xFF}}},
	{{{8, 58, -9}, 0, {1037, 951}, {0x1A, 0xD8, 0x8A, 0xFF}}},
	{{{0, 51, -3}, 0, {1037, 950}, {0x00, 0x85, 0xDF, 0xFF}}},
	{{{16, 54, -1}, 0, {1037, 951}, {0x43, 0x98, 0xE6, 0xFF}}},
	{{{18, 60, -5}, 0, {1038, 951}, {0x66, 0xEC, 0xB7, 0xFF}}},
	{{{-24, 167, 9}, 0, {1608, 4029}, {0x8B, 0x00, 0x31, 0xFF}}},
	{{{-10, 161, 23}, 0, {992, 2016}, {0xCF, 0x00, 0x75, 0xFF}}},
	{{{-10, 167, 23}, 0, {1608, 2016}, {0xCF, 0x00, 0x75, 0xFF}}},
	{{{-24, 161, 9}, 0, {992, 4029}, {0x8B, 0x00, 0x31, 0xFF}}},
	{{{-24, 167, -11}, 0, {1608, 2016}, {0x89, 0x04, 0xD4, 0xFF}}},
	{{{-24, 161, -12}, 0, {992, 2016}, {0x8C, 0x07, 0xCD, 0xFF}}},
	{{{-10, 167, -26}, 0, {1608, 4029}, {0xCE, 0x01, 0x8B, 0xFF}}},
	{{{-10, 161, -26}, 0, {992, 4029}, {0xCF, 0x00, 0x8B, 0xFF}}},
	{{{10, 167, -26}, 0, {1608, 2016}, {0x32, 0x01, 0x8B, 0xFF}}},
	{{{10, 161, -26}, 0, {992, 2016}, {0x31, 0x00, 0x8B, 0xFF}}},
	{{{24, 161, -12}, 0, {992, 4029}, {0x74, 0x07, 0xCD, 0xFF}}},
	{{{24, 167, -11}, 0, {1608, 4029}, {0x77, 0x04, 0xD4, 0xFF}}},
	{{{24, 167, 9}, 0, {1608, 2016}, {0x75, 0x00, 0x31, 0xFF}}},
	{{{24, 161, 9}, 0, {992, 2016}, {0x75, 0x00, 0x31, 0xFF}}},
	{{{10, 161, 23}, 0, {992, 4029}, {0x31, 0x00, 0x75, 0xFF}}},
	{{{10, 167, 23}, 0, {1608, 4029}, {0x31, 0x00, 0x75, 0xFF}}},
	{{{-3, 143, 27}, 0, {1090, 1956}, {0x00, 0x00, 0x7F, 0xFF}}},
	{{{-2, 154, 27}, 0, {1093, 1954}, {0x49, 0x49, 0x49, 0xFF}}},
	{{{-3, 153, 27}, 0, {1092, 1954}, {0x00, 0x00, 0x7F, 0xFF}}},
	{{{-2, 142, 27}, 0, {1090, 1957}, {0x49, 0xB7, 0x49, 0xFF}}},
	{{{-20, 142, 27}, 0, {1085, 1952}, {0xB7, 0xB7, 0x49, 0xFF}}},
	{{{-19, 143, 27}, 0, {1086, 1952}, {0x00, 0x00, 0x7F, 0xFF}}},
	{{{-20, 154, 27}, 0, {1089, 1949}, {0xB7, 0x49, 0x49, 0xFF}}},
	{{{-19, 153, 27}, 0, {1089, 1950}, {0x00, 0x00, 0x7F, 0xFF}}},
	{{{-20, 154, 25}, 0, {1089, 1949}, {0xB7, 0x49, 0xB7, 0xFF}}},
	{{{-2, 154, 25}, 0, {1093, 1954}, {0x49, 0x49, 0xB7, 0xFF}}},
	{{{-2, 142, 25}, 0, {1090, 1957}, {0x49, 0xB7, 0xB7, 0xFF}}},
	{{{-20, 142, 25}, 0, {1085, 1952}, {0xB7, 0xB7, 0xB7, 0xFF}}},
	{{{19, 143, 27}, 0, {1086, 1952}, {0x00, 0x00, 0x7F, 0xFF}}},
	{{{20, 154, 27}, 0, {1089, 1949}, {0x49, 0x49, 0x49, 0xFF}}},
	{{{19, 153, 27}, 0, {1089, 1950}, {0x00, 0x00, 0x7F, 0xFF}}},
	{{{20, 142, 27}, 0, {1085, 1952}, {0x49, 0xB7, 0x49, 0xFF}}},
	{{{2, 142, 27}, 0, {1090, 1957}, {0xB7, 0xB7, 0x49, 0xFF}}},
	{{{3, 143, 27}, 0, {1090, 1956}, {0x00, 0x00, 0x7F, 0xFF}}},
	{{{2, 154, 27}, 0, {1093, 1954}, {0xB7, 0x49, 0x49, 0xFF}}},
	{{{3, 153, 27}, 0, {1092, 1954}, {0x00, 0x00, 0x7F, 0xFF}}},
	{{{2, 154, 25}, 0, {1093, 1954}, {0xB7, 0x49, 0xB7, 0xFF}}},
	{{{20, 154, 25}, 0, {1089, 1949}, {0x49, 0x49, 0xB7, 0xFF}}},
	{{{20, 142, 25}, 0, {1085, 1952}, {0x49, 0xB7, 0xB7, 0xFF}}},
	{{{2, 142, 25}, 0, {1090, 1957}, {0xB7, 0xB7, 0xB7, 0xFF}}},
	{{{2, 152, 27}, 0, {1079, 1941}, {0x00, 0x5A, 0x5A, 0xFF}}},
	{{{-2, 152, 26}, 0, {1078, 1940}, {0x00, 0x5A, 0xA6, 0xFF}}},
	{{{-2, 152, 27}, 0, {1078, 1940}, {0x00, 0x5A, 0x5A, 0xFF}}},
	{{{2, 152, 26}, 0, {1079, 1941}, {0x00, 0x5A, 0xA6, 0xFF}}},
	{{{2, 150, 26}, 0, {1079, 1942}, {0x00, 0xA6, 0xA6, 0xFF}}},
	{{{-2, 150, 26}, 0, {1078, 1940}, {0x00, 0xA6, 0xA6, 0xFF}}},
	{{{2, 150, 26}, 0, {1079, 1942}, {0x00, 0xA6, 0xA6, 0xFF}}},
	{{{-2, 150, 27}, 0, {1078, 1940}, {0x00, 0xA6, 0x5A, 0xFF}}},
	{{{-2, 150, 26}, 0, {1078, 1940}, {0x00, 0xA6, 0xA6, 0xFF}}},
	{{{2, 150, 27}, 0, {1079, 1942}, {0x00, 0xA6, 0x5A, 0xFF}}},
	{{{2, 152, 27}, 0, {1079, 1941}, {0x00, 0x5A, 0x5A, 0xFF}}},
	{{{-2, 152, 27}, 0, {1078, 1940}, {0x00, 0x5A, 0x5A, 0xFF}}},
	{{{-22, 143, 20}, 0, {81, 1743}, {0x3A, 0x07, 0x71, 0xFF}}},
	{{{-28, 134, 16}, 0, {65, 1735}, {0xB3, 0xCD, 0x58, 0xFF}}},
	{{{-21, 133, 18}, 0, {63, 1741}, {0x44, 0xCD, 0x5E, 0xFF}}},
	{{{-29, 143, 18}, 0, {80, 1736}, {0xAB, 0x04, 0x5E, 0xFF}}},
	{{{-29, 151, 15}, 0, {94, 1730}, {0xA6, 0x22, 0x53, 0xFF}}},
	{{{-22, 156, 16}, 0, {103, 1734}, {0x43, 0x1F, 0x67, 0xFF}}},
	{{{-30, 156, 11}, 0, {102, 1722}, {0x8E, 0x30, 0x1C, 0xFF}}},
	{{{-22, 159, 16}, 0, {107, 1733}, {0x3C, 0x0B, 0x6F, 0xFF}}},
	{{{-28, 159, 11}, 0, {107, 1722}, {0x9C, 0x43, 0x2A, 0xFF}}},
	{{{-26, 159, 3}, 0, {105, 1710}, {0xF6, 0x12, 0x83, 0xFF}}},
	{{{-26, 156, 3}, 0, {100, 1710}, {0x00, 0x0F, 0x82, 0xFF}}},
	{{{-31, 150, 8}, 0, {91, 1717}, {0x85, 0x16, 0xE8, 0xFF}}},
	{{{-32, 142, 7}, 0, {77, 1716}, {0x84, 0xFF, 0xE6, 0xFF}}},
	{{{-28, 142, 1}, 0, {76, 1709}, {0xF2, 0xFC, 0x82, 0xFF}}},
	{{{-31, 134, 9}, 0, {63, 1721}, {0x8E, 0xCB, 0xEF, 0xFF}}},
	{{{-26, 133, 4}, 0, {59, 1716}, {0xFF, 0xBE, 0x93, 0xFF}}},
	{{{-28, 130, 12}, 0, {57, 1729}, {0xB1, 0xA0, 0x1A, 0xFF}}},
	{{{-21, 126, 10}, 0, {48, 1730}, {0x39, 0x90, 0xED, 0xFF}}},
	{{{-25, 153, -5}, 0, {1082, 1947}, {0xB7, 0x49, 0xB7, 0xFF}}},
	{{{-24, 151, -5}, 0, {1082, 1948}, {0x49, 0xB7, 0xB7, 0xFF}}},
	{{{-25, 151, -5}, 0, {1082, 1947}, {0xB7, 0xB7, 0xB7, 0xFF}}},
	{{{-24, 153, -5}, 0, {1083, 1947}, {0x49, 0x49, 0xB7, 0xFF}}},
	{{{-24, 153, 25}, 0, {1083, 1947}, {0x26, 0x73, 0xDA, 0xFF}}},
	{{{-25, 153, 27}, 0, {1082, 1947}, {0xB7, 0x49, 0x49, 0xFF}}},
	{{{-25, 151, 27}, 0, {1082, 1947}, {0xB7, 0xB7, 0x49, 0xFF}}},
	{{{-24, 151, 25}, 0, {1082, 1948}, {0x26, 0x8D, 0xDA, 0xFF}}},
	{{{-20, 151, 25}, 0, {1083, 1949}, {0x49, 0xB7, 0xB7, 0xFF}}},
	{{{-20, 153, 25}, 0, {1084, 1948}, {0x49, 0x49, 0xB7, 0xFF}}},
	{{{-20, 153, 27}, 0, {1084, 1948}, {0x49, 0x49, 0x49, 0xFF}}},
	{{{-20, 151, 27}, 0, {1083, 1949}, {0x49, 0xB7, 0x49, 0xFF}}},
	{{{25, 151, -5}, 0, {1082, 1947}, {0x49, 0xB7, 0xB7, 0xFF}}},
	{{{24, 151, 25}, 0, {1082, 1948}, {0xDA, 0x8D, 0xDA, 0xFF}}},
	{{{24, 151, -5}, 0, {1082, 1948}, {0xB7, 0xB7, 0xB7, 0xFF}}},
	{{{25, 151, 27}, 0, {1082, 1947}, {0x49, 0xB7, 0x49, 0xFF}}},
	{{{25, 153, 27}, 0, {1082, 1947}, {0x49, 0x49, 0x49, 0xFF}}},
	{{{25, 153, -5}, 0, {1082, 1947}, {0x49, 0x49, 0xB7, 0xFF}}},
	{{{24, 153, -5}, 0, {1083, 1947}, {0xB7, 0x49, 0xB7, 0xFF}}},
	{{{24, 153, 25}, 0, {1083, 1947}, {0xDA, 0x73, 0xDA, 0xFF}}},
	{{{20, 153, 25}, 0, {1084, 1948}, {0xB7, 0x49, 0xB7, 0xFF}}},
	{{{20, 151, 25}, 0, {1083, 1949}, {0xB7, 0xB7, 0xB7, 0xFF}}},
	{{{20, 151, 27}, 0, {1083, 1949}, {0xB7, 0xB7, 0x49, 0xFF}}},
	{{{20, 153, 27}, 0, {1084, 1948}, {0xB7, 0x49, 0x49, 0xFF}}},
};

Gfx brodute_node_mesh_layer_1_tri_1[] = {
	gsSPVertex(brodute_node_mesh_layer_1_vtx_1 + 0, 64, 0),
	gsSP2Triangles(0, 1, 2, 0, 3, 4, 5, 0),
	gsSP2Triangles(6, 7, 8, 0, 9, 10, 11, 0),
	gsSP2Triangles(10, 9, 12, 0, 12, 9, 13, 0),
	gsSP2Triangles(13, 9, 14, 0, 15, 13, 14, 0),
	gsSP2Triangles(15, 14, 16, 0, 15, 16, 17, 0),
	gsSP2Triangles(16, 18, 17, 0, 18, 19, 17, 0),
	gsSP2Triangles(17, 19, 20, 0, 20, 19, 21, 0),
	gsSP2Triangles(20, 21, 22, 0, 22, 21, 23, 0),
	gsSP2Triangles(23, 24, 22, 0, 23, 25, 24, 0),
	gsSP2Triangles(25, 23, 26, 0, 22, 24, 27, 0),
	gsSP2Triangles(28, 27, 24, 0, 29, 28, 24, 0),
	gsSP2Triangles(29, 30, 28, 0, 31, 30, 29, 0),
	gsSP2Triangles(31, 32, 30, 0, 32, 33, 30, 0),
	gsSP2Triangles(32, 12, 33, 0, 33, 12, 34, 0),
	gsSP2Triangles(12, 13, 34, 0, 15, 34, 13, 0),
	gsSP2Triangles(33, 34, 15, 0, 33, 15, 17, 0),
	gsSP2Triangles(33, 17, 30, 0, 28, 30, 17, 0),
	gsSP2Triangles(28, 17, 20, 0, 28, 20, 27, 0),
	gsSP2Triangles(20, 22, 27, 0, 35, 36, 37, 0),
	gsSP2Triangles(35, 38, 36, 0, 39, 36, 38, 0),
	gsSP2Triangles(39, 40, 36, 0, 41, 42, 43, 0),
	gsSP2Triangles(42, 41, 44, 0, 45, 46, 47, 0),
	gsSP2Triangles(46, 45, 48, 0, 49, 50, 51, 0),
	gsSP2Triangles(51, 52, 49, 0, 52, 51, 53, 0),
	gsSP2Triangles(54, 52, 53, 0, 52, 54, 55, 0),
	gsSP2Triangles(56, 57, 50, 0, 57, 58, 50, 0),
	gsSP2Triangles(57, 59, 58, 0, 58, 59, 60, 0),
	gsSP2Triangles(59, 61, 60, 0, 55, 62, 63, 0),
	gsSPVertex(brodute_node_mesh_layer_1_vtx_1 + 64, 64, 0),
	gsSP2Triangles(0, 1, 2, 0, 2, 1, 3, 0),
	gsSP2Triangles(1, 4, 3, 0, 5, 3, 4, 0),
	gsSP2Triangles(6, 3, 5, 0, 7, 3, 6, 0),
	gsSP2Triangles(8, 3, 7, 0, 8, 9, 3, 0),
	gsSP2Triangles(8, 10, 9, 0, 10, 11, 9, 0),
	gsSP2Triangles(11, 10, 12, 0, 13, 14, 15, 0),
	gsSP2Triangles(16, 15, 14, 0, 17, 16, 14, 0),
	gsSP2Triangles(18, 16, 17, 0, 18, 19, 16, 0),
	gsSP2Triangles(20, 19, 18, 0, 19, 20, 21, 0),
	gsSP2Triangles(20, 22, 21, 0, 22, 20, 23, 0),
	gsSP2Triangles(23, 24, 22, 0, 23, 25, 24, 0),
	gsSP2Triangles(25, 26, 24, 0, 25, 27, 26, 0),
	gsSP2Triangles(25, 14, 27, 0, 25, 28, 14, 0),
	gsSP2Triangles(27, 14, 29, 0, 29, 14, 30, 0),
	gsSP2Triangles(27, 29, 30, 0, 26, 27, 30, 0),
	gsSP2Triangles(17, 31, 32, 0, 17, 25, 31, 0),
	gsSP2Triangles(33, 34, 35, 0, 34, 33, 36, 0),
	gsSP2Triangles(33, 37, 36, 0, 37, 33, 38, 0),
	gsSP2Triangles(38, 39, 37, 0, 39, 38, 40, 0),
	gsSP2Triangles(41, 42, 43, 0, 42, 41, 44, 0),
	gsSP2Triangles(45, 46, 47, 0, 46, 45, 48, 0),
	gsSP2Triangles(49, 50, 51, 0, 50, 49, 52, 0),
	gsSP2Triangles(52, 53, 50, 0, 53, 52, 54, 0),
	gsSP2Triangles(55, 53, 54, 0, 53, 55, 56, 0),
	gsSP2Triangles(57, 58, 59, 0, 58, 57, 60, 0),
	gsSP1Triangle(61, 62, 63, 0),
	gsSPVertex(brodute_node_mesh_layer_1_vtx_1 + 128, 64, 0),
	gsSP2Triangles(0, 1, 2, 0, 3, 4, 5, 0),
	gsSP2Triangles(4, 6, 5, 0, 4, 7, 6, 0),
	gsSP2Triangles(7, 8, 6, 0, 6, 8, 9, 0),
	gsSP2Triangles(8, 10, 9, 0, 8, 11, 10, 0),
	gsSP2Triangles(12, 10, 11, 0, 12, 13, 10, 0),
	gsSP2Triangles(13, 9, 10, 0, 13, 6, 9, 0),
	gsSP2Triangles(14, 6, 13, 0, 14, 5, 15, 0),
	gsSP2Triangles(14, 16, 5, 0, 17, 16, 14, 0),
	gsSP2Triangles(18, 19, 20, 0, 19, 18, 21, 0),
	gsSP2Triangles(22, 21, 18, 0, 21, 22, 23, 0),
	gsSP2Triangles(24, 23, 22, 0, 23, 24, 25, 0),
	gsSP2Triangles(26, 25, 24, 0, 25, 26, 27, 0),
	gsSP2Triangles(26, 28, 27, 0, 28, 26, 29, 0),
	gsSP2Triangles(30, 28, 29, 0, 28, 30, 31, 0),
	gsSP2Triangles(30, 32, 31, 0, 32, 30, 33, 0),
	gsSP2Triangles(33, 19, 32, 0, 19, 33, 20, 0),
	gsSP2Triangles(34, 35, 36, 0, 34, 37, 35, 0),
	gsSP2Triangles(37, 34, 38, 0, 39, 38, 34, 0),
	gsSP2Triangles(38, 39, 40, 0, 40, 39, 41, 0),
	gsSP2Triangles(40, 41, 35, 0, 36, 35, 41, 0),
	gsSP2Triangles(35, 42, 40, 0, 42, 35, 43, 0),
	gsSP2Triangles(35, 44, 43, 0, 44, 35, 37, 0),
	gsSP2Triangles(38, 44, 37, 0, 44, 38, 45, 0),
	gsSP2Triangles(38, 42, 45, 0, 42, 38, 40, 0),
	gsSP2Triangles(42, 44, 45, 0, 44, 42, 43, 0),
	gsSP2Triangles(46, 47, 48, 0, 46, 49, 47, 0),
	gsSP2Triangles(49, 46, 50, 0, 51, 50, 46, 0),
	gsSP2Triangles(50, 51, 52, 0, 52, 51, 53, 0),
	gsSP2Triangles(52, 53, 47, 0, 48, 47, 53, 0),
	gsSP2Triangles(47, 54, 52, 0, 54, 47, 55, 0),
	gsSP2Triangles(47, 56, 55, 0, 56, 47, 49, 0),
	gsSP2Triangles(50, 56, 49, 0, 56, 50, 57, 0),
	gsSP2Triangles(50, 54, 57, 0, 54, 50, 52, 0),
	gsSP2Triangles(54, 56, 57, 0, 56, 54, 55, 0),
	gsSP2Triangles(58, 59, 60, 0, 59, 58, 61, 0),
	gsSP2Triangles(62, 59, 61, 0, 59, 62, 63, 0),
	gsSPVertex(brodute_node_mesh_layer_1_vtx_1 + 192, 48, 0),
	gsSP2Triangles(0, 1, 2, 0, 1, 0, 3, 0),
	gsSP2Triangles(4, 1, 3, 0, 1, 4, 5, 0),
	gsSP2Triangles(6, 7, 8, 0, 6, 9, 7, 0),
	gsSP2Triangles(10, 9, 6, 0, 11, 10, 6, 0),
	gsSP2Triangles(12, 10, 11, 0, 13, 12, 11, 0),
	gsSP2Triangles(14, 12, 13, 0, 15, 12, 14, 0),
	gsSP2Triangles(16, 12, 15, 0, 16, 17, 12, 0),
	gsSP2Triangles(16, 18, 17, 0, 19, 18, 16, 0),
	gsSP2Triangles(19, 20, 18, 0, 19, 21, 20, 0),
	gsSP2Triangles(21, 22, 20, 0, 22, 21, 23, 0),
	gsSP2Triangles(8, 22, 23, 0, 22, 8, 7, 0),
	gsSP2Triangles(20, 22, 7, 0, 20, 7, 9, 0),
	gsSP2Triangles(18, 20, 9, 0, 18, 9, 10, 0),
	gsSP2Triangles(18, 10, 17, 0, 17, 10, 12, 0),
	gsSP2Triangles(24, 25, 26, 0, 25, 24, 27, 0),
	gsSP2Triangles(27, 24, 28, 0, 29, 28, 24, 0),
	gsSP2Triangles(24, 30, 29, 0, 30, 24, 26, 0),
	gsSP2Triangles(25, 30, 26, 0, 30, 25, 31, 0),
	gsSP2Triangles(25, 28, 31, 0, 28, 25, 27, 0),
	gsSP2Triangles(28, 32, 31, 0, 32, 28, 33, 0),
	gsSP2Triangles(28, 34, 33, 0, 28, 29, 34, 0),
	gsSP2Triangles(30, 34, 29, 0, 34, 30, 35, 0),
	gsSP2Triangles(30, 31, 35, 0, 35, 31, 32, 0),
	gsSP2Triangles(32, 34, 35, 0, 34, 32, 33, 0),
	gsSP2Triangles(36, 37, 38, 0, 39, 37, 36, 0),
	gsSP2Triangles(36, 40, 39, 0, 40, 36, 41, 0),
	gsSP2Triangles(36, 42, 41, 0, 42, 36, 38, 0),
	gsSP2Triangles(37, 42, 38, 0, 42, 37, 43, 0),
	gsSP2Triangles(37, 44, 43, 0, 44, 37, 45, 0),
	gsSP2Triangles(37, 46, 45, 0, 46, 37, 39, 0),
	gsSP2Triangles(40, 46, 39, 0, 46, 40, 47, 0),
	gsSP2Triangles(40, 44, 47, 0, 44, 40, 43, 0),
	gsSP2Triangles(43, 40, 42, 0, 42, 40, 41, 0),
	gsSP2Triangles(44, 46, 47, 0, 46, 44, 45, 0),
	gsSPEndDisplayList(),
};

Vtx brodute_node_mesh_layer_1_vtx_2[59] = {
	{{{10, 173, -26}, 0, {61, 4474}, {0x27, 0x50, 0xA5, 0xFF}}},
	{{{-10, 173, -26}, 0, {1923, 4474}, {0xD9, 0x50, 0xA5, 0xFF}}},
	{{{0, 173, -1}, 0, {992, 1476}, {0x00, 0x7F, 0x03, 0xFF}}},
	{{{-24, 173, -11}, 0, {61, 4474}, {0xA5, 0x51, 0xDE, 0xFF}}},
	{{{-24, 172, 9}, 0, {1923, 4474}, {0xA4, 0x4E, 0x28, 0xFF}}},
	{{{-10, 172, 23}, 0, {61, 4474}, {0xDA, 0x4F, 0x5C, 0xFF}}},
	{{{10, 172, 23}, 0, {1923, 4474}, {0x26, 0x4F, 0x5C, 0xFF}}},
	{{{24, 172, 9}, 0, {61, 4474}, {0x5C, 0x4E, 0x28, 0xFF}}},
	{{{24, 173, -11}, 0, {1923, 4474}, {0x5B, 0x51, 0xDE, 0xFF}}},
	{{{-14, 159, -36}, 0, {2301, 2002}, {0xDA, 0xB0, 0xA5, 0xFF}}},
	{{{14, 161, -36}, 0, {-317, 1782}, {0x26, 0x50, 0xA5, 0xFF}}},
	{{{14, 159, -36}, 0, {-317, 2002}, {0x26, 0xB0, 0xA5, 0xFF}}},
	{{{-14, 161, -36}, 0, {2301, 1782}, {0xDA, 0x50, 0xA5, 0xFF}}},
	{{{-34, 159, -16}, 0, {-317, 2002}, {0xA5, 0xB0, 0xD9, 0xFF}}},
	{{{-34, 161, -16}, 0, {-317, 1782}, {0xA5, 0x50, 0xDA, 0xFF}}},
	{{{-34, 158, 13}, 0, {2301, 2002}, {0xA6, 0xAE, 0x24, 0xFF}}},
	{{{-34, 161, 13}, 0, {2301, 1782}, {0xA6, 0x51, 0x27, 0xFF}}},
	{{{-14, 160, 33}, 0, {-317, 1782}, {0xDB, 0x4E, 0x5D, 0xFF}}},
	{{{-14, 158, 33}, 0, {-317, 2002}, {0xDB, 0xAF, 0x5A, 0xFF}}},
	{{{14, 158, 33}, 0, {2301, 2002}, {0x25, 0xAF, 0x5A, 0xFF}}},
	{{{14, 160, 33}, 0, {2301, 1782}, {0x25, 0x4E, 0x5D, 0xFF}}},
	{{{34, 158, 13}, 0, {-317, 2002}, {0x5A, 0xAE, 0x24, 0xFF}}},
	{{{34, 161, 13}, 0, {-317, 1782}, {0x5A, 0x51, 0x27, 0xFF}}},
	{{{34, 159, -16}, 0, {2301, 2002}, {0x5B, 0xB0, 0xD9, 0xFF}}},
	{{{34, 161, -16}, 0, {2301, 1782}, {0x5B, 0x50, 0xDA, 0xFF}}},
	{{{-10, 167, -26}, 0, {1923, 3186}, {0xCE, 0x01, 0x8B, 0xFF}}},
	{{{10, 173, -26}, 0, {61, 2426}, {0x27, 0x50, 0xA5, 0xFF}}},
	{{{10, 167, -26}, 0, {61, 3186}, {0x32, 0x01, 0x8B, 0xFF}}},
	{{{-10, 173, -26}, 0, {1923, 2426}, {0xD9, 0x50, 0xA5, 0xFF}}},
	{{{-24, 167, -11}, 0, {61, 3186}, {0x89, 0x04, 0xD4, 0xFF}}},
	{{{-24, 173, -11}, 0, {61, 2426}, {0xA5, 0x51, 0xDE, 0xFF}}},
	{{{-24, 167, 9}, 0, {1923, 3186}, {0x8B, 0x00, 0x31, 0xFF}}},
	{{{-24, 172, 9}, 0, {1923, 2426}, {0xA4, 0x4E, 0x28, 0xFF}}},
	{{{-10, 172, 23}, 0, {61, 2426}, {0xDA, 0x4F, 0x5C, 0xFF}}},
	{{{-10, 167, 23}, 0, {61, 3186}, {0xCF, 0x00, 0x75, 0xFF}}},
	{{{10, 172, 23}, 0, {1923, 2426}, {0x26, 0x4F, 0x5C, 0xFF}}},
	{{{10, 167, 23}, 0, {1923, 3186}, {0x31, 0x00, 0x75, 0xFF}}},
	{{{24, 172, 9}, 0, {61, 2426}, {0x5C, 0x4E, 0x28, 0xFF}}},
	{{{24, 167, 9}, 0, {61, 3186}, {0x75, 0x00, 0x31, 0xFF}}},
	{{{24, 167, -11}, 0, {1923, 3186}, {0x77, 0x04, 0xD4, 0xFF}}},
	{{{24, 173, -11}, 0, {1923, 2426}, {0x5B, 0x51, 0xDE, 0xFF}}},
	{{{14, 161, -36}, 0, {-317, 3830}, {0x26, 0x50, 0xA5, 0xFF}}},
	{{{-14, 161, -36}, 0, {2301, 3830}, {0xDA, 0x50, 0xA5, 0xFF}}},
	{{{0, 161, -1}, 0, {992, -384}, {0x00, 0x7F, 0x02, 0xFF}}},
	{{{-34, 161, -16}, 0, {-317, 3830}, {0xA5, 0x50, 0xDA, 0xFF}}},
	{{{-34, 161, 13}, 0, {2301, 3830}, {0xA6, 0x51, 0x27, 0xFF}}},
	{{{-14, 160, 33}, 0, {-317, 3830}, {0xDB, 0x4E, 0x5D, 0xFF}}},
	{{{14, 160, 33}, 0, {2301, 3830}, {0x25, 0x4E, 0x5D, 0xFF}}},
	{{{34, 161, 13}, 0, {-317, 3830}, {0x5A, 0x51, 0x27, 0xFF}}},
	{{{34, 161, -16}, 0, {2301, 3830}, {0x5B, 0x50, 0xDA, 0xFF}}},
	{{{14, 159, -36}, 0, {-317, -2094}, {0x26, 0xB0, 0xA5, 0xFF}}},
	{{{0, 159, -2}, 0, {992, 2120}, {0x00, 0x81, 0xFE, 0xFF}}},
	{{{-14, 159, -36}, 0, {2301, -2094}, {0xDA, 0xB0, 0xA5, 0xFF}}},
	{{{34, 159, -16}, 0, {2301, -2094}, {0x5B, 0xB0, 0xD9, 0xFF}}},
	{{{34, 158, 13}, 0, {-317, -2094}, {0x5A, 0xAE, 0x24, 0xFF}}},
	{{{14, 158, 33}, 0, {2301, -2094}, {0x25, 0xAF, 0x5A, 0xFF}}},
	{{{-14, 158, 33}, 0, {-317, -2094}, {0xDB, 0xAF, 0x5A, 0xFF}}},
	{{{-34, 158, 13}, 0, {2301, -2094}, {0xA6, 0xAE, 0x24, 0xFF}}},
	{{{-34, 159, -16}, 0, {-317, -2094}, {0xA5, 0xB0, 0xD9, 0xFF}}},
};

Gfx brodute_node_mesh_layer_1_tri_2[] = {
	gsSPVertex(brodute_node_mesh_layer_1_vtx_2 + 0, 59, 0),
	gsSP2Triangles(0, 1, 2, 0, 2, 1, 3, 0),
	gsSP2Triangles(2, 3, 4, 0, 2, 4, 5, 0),
	gsSP2Triangles(6, 2, 5, 0, 7, 2, 6, 0),
	gsSP2Triangles(7, 8, 2, 0, 8, 0, 2, 0),
	gsSP2Triangles(9, 10, 11, 0, 10, 9, 12, 0),
	gsSP2Triangles(13, 12, 9, 0, 12, 13, 14, 0),
	gsSP2Triangles(15, 14, 13, 0, 14, 15, 16, 0),
	gsSP2Triangles(15, 17, 16, 0, 17, 15, 18, 0),
	gsSP2Triangles(19, 17, 18, 0, 17, 19, 20, 0),
	gsSP2Triangles(21, 20, 19, 0, 20, 21, 22, 0),
	gsSP2Triangles(23, 22, 21, 0, 22, 23, 24, 0),
	gsSP2Triangles(11, 24, 23, 0, 24, 11, 10, 0),
	gsSP2Triangles(25, 26, 27, 0, 26, 25, 28, 0),
	gsSP2Triangles(29, 28, 25, 0, 28, 29, 30, 0),
	gsSP2Triangles(31, 30, 29, 0, 30, 31, 32, 0),
	gsSP2Triangles(31, 33, 32, 0, 33, 31, 34, 0),
	gsSP2Triangles(34, 35, 33, 0, 35, 34, 36, 0),
	gsSP2Triangles(36, 37, 35, 0, 37, 36, 38, 0),
	gsSP2Triangles(39, 37, 38, 0, 37, 39, 40, 0),
	gsSP2Triangles(27, 40, 39, 0, 40, 27, 26, 0),
	gsSP2Triangles(41, 42, 43, 0, 43, 42, 44, 0),
	gsSP2Triangles(43, 44, 45, 0, 43, 45, 46, 0),
	gsSP2Triangles(47, 43, 46, 0, 48, 43, 47, 0),
	gsSP2Triangles(48, 49, 43, 0, 49, 41, 43, 0),
	gsSP2Triangles(50, 51, 52, 0, 53, 51, 50, 0),
	gsSP2Triangles(54, 51, 53, 0, 54, 55, 51, 0),
	gsSP2Triangles(55, 56, 51, 0, 51, 56, 57, 0),
	gsSP2Triangles(51, 57, 58, 0, 51, 58, 52, 0),
	gsSPEndDisplayList(),
};

Vtx brodute_node_mesh_layer_1_vtx_3[222] = {
	{{{-22, 159, 9}, 0, {-1010, 2000}, {0x7A, 0x00, 0xDB, 0xFF}}},
	{{{-26, 156, 3}, 0, {-1010, 2000}, {0x00, 0x0F, 0x82, 0xFF}}},
	{{{-26, 159, 3}, 0, {-1010, 2000}, {0xF6, 0x12, 0x83, 0xFF}}},
	{{{-22, 156, 9}, 0, {-1010, 2000}, {0x79, 0x01, 0xD8, 0xFF}}},
	{{{-22, 159, 16}, 0, {-1010, 2000}, {0x3C, 0x0B, 0x6F, 0xFF}}},
	{{{-22, 156, 16}, 0, {-1010, 2000}, {0x43, 0x1F, 0x67, 0xFF}}},
	{{{-21, 150, 13}, 0, {-1010, 2000}, {0x7E, 0x01, 0xF4, 0xFF}}},
	{{{-21, 143, 15}, 0, {-1010, 2000}, {0x7F, 0x02, 0xFC, 0xFF}}},
	{{{-22, 143, 20}, 0, {-1010, 2000}, {0x3A, 0x07, 0x71, 0xFF}}},
	{{{-21, 137, 14}, 0, {-1010, 2000}, {0x7F, 0x08, 0xF8, 0xFF}}},
	{{{-21, 133, 18}, 0, {-1010, 2000}, {0x44, 0xCD, 0x5E, 0xFF}}},
	{{{-21, 126, 10}, 0, {-1010, 2000}, {0x39, 0x90, 0xED, 0xFF}}},
	{{{-21, 133, 10}, 0, {-1010, 2000}, {0x79, 0x05, 0xD8, 0xFF}}},
	{{{-26, 133, 4}, 0, {-1010, 2000}, {0xFF, 0xBE, 0x93, 0xFF}}},
	{{{-23, 136, 6}, 0, {-1010, 2000}, {0x69, 0xFC, 0xB9, 0xFF}}},
	{{{-28, 142, 1}, 0, {-1010, 2000}, {0xF2, 0xFC, 0x82, 0xFF}}},
	{{{-25, 143, 5}, 0, {-1010, 2000}, {0x6D, 0x06, 0xBF, 0xFF}}},
	{{{-24, 150, 6}, 0, {-1010, 2000}, {0x6E, 0xFA, 0xC0, 0xFF}}},
	{{{-7, 120, 5}, 0, {1192, 3086}, {0xF0, 0x73, 0x34, 0xFF}}},
	{{{-7, 119, -9}, 0, {986, 2984}, {0xE5, 0x4D, 0x9F, 0xFF}}},
	{{{-16, 117, -4}, 0, {1242, 3118}, {0xA2, 0x40, 0xC7, 0xFF}}},
	{{{7, 119, -9}, 0, {676, 2931}, {0x1B, 0x4D, 0x9F, 0xFF}}},
	{{{7, 120, 5}, 0, {882, 3033}, {0x10, 0x73, 0x34, 0xFF}}},
	{{{16, 117, -4}, 0, {516, 2994}, {0x5E, 0x40, 0xC7, 0xFF}}},
	{{{16, 118, 4}, 0, {646, 3044}, {0x55, 0x56, 0x27, 0xFF}}},
	{{{8, 140, -39}, 0, {-1010, 2000}, {0x7D, 0xEC, 0x05, 0xFF}}},
	{{{6, 143, -29}, 0, {-1010, 2000}, {0x67, 0xFB, 0x49, 0xFF}}},
	{{{3, 140, -32}, 0, {-1010, 2000}, {0x1C, 0x8F, 0x32, 0xFF}}},
	{{{0, 145, -24}, 0, {-1010, 2000}, {0xFF, 0x17, 0x7D, 0xFF}}},
	{{{0, 141, -29}, 0, {-1010, 2000}, {0xF6, 0x96, 0x45, 0xFF}}},
	{{{-3, 140, -33}, 0, {-1010, 2000}, {0xE2, 0x91, 0x37, 0xFF}}},
	{{{-6, 144, -29}, 0, {-1010, 2000}, {0x98, 0x0C, 0x48, 0xFF}}},
	{{{-5, 138, -38}, 0, {-1010, 2000}, {0xD2, 0x95, 0x32, 0xFF}}},
	{{{-8, 140, -39}, 0, {-1010, 2000}, {0x82, 0xEE, 0x05, 0xFF}}},
	{{{-3, 135, -43}, 0, {-1010, 2000}, {0xE0, 0x96, 0x3E, 0xFF}}},
	{{{-6, 135, -46}, 0, {-1010, 2000}, {0x91, 0xCA, 0xE2, 0xFF}}},
	{{{0, 130, -51}, 0, {-1010, 2000}, {0x00, 0x9D, 0xB0, 0xFF}}},
	{{{0, 132, -46}, 0, {-1010, 2000}, {0x00, 0x8F, 0x3A, 0xFF}}},
	{{{3, 135, -43}, 0, {-1010, 2000}, {0x20, 0x96, 0x3E, 0xFF}}},
	{{{6, 135, -46}, 0, {-1010, 2000}, {0x6F, 0xCA, 0xE2, 0xFF}}},
	{{{5, 138, -38}, 0, {-1010, 2000}, {0x2F, 0x95, 0x31, 0xFF}}},
	{{{8, 133, -36}, 0, {-1010, 2000}, {0x7D, 0xEF, 0x0B, 0xFF}}},
	{{{3, 126, -39}, 0, {-1010, 2000}, {0x22, 0xB3, 0x5F, 0xFF}}},
	{{{6, 126, -41}, 0, {-1010, 2000}, {0x70, 0xC6, 0xF5, 0xFF}}},
	{{{5, 131, -35}, 0, {-1010, 2000}, {0x2E, 0xAB, 0x53, 0xFF}}},
	{{{3, 135, -30}, 0, {-1010, 2000}, {0x1C, 0xA8, 0x58, 0xFF}}},
	{{{6, 140, -27}, 0, {-1010, 2000}, {0x62, 0x1B, 0x4C, 0xFF}}},
	{{{0, 143, -24}, 0, {-1010, 2000}, {0xFD, 0x41, 0x6D, 0xFF}}},
	{{{0, 138, -27}, 0, {-1010, 2000}, {0x00, 0xB9, 0x69, 0xFF}}},
	{{{-3, 135, -30}, 0, {-1010, 2000}, {0xE1, 0xAC, 0x5A, 0xFF}}},
	{{{-6, 140, -28}, 0, {-1010, 2000}, {0x97, 0x21, 0x40, 0xFF}}},
	{{{-5, 131, -35}, 0, {-1010, 2000}, {0xD2, 0xAB, 0x52, 0xFF}}},
	{{{-8, 133, -36}, 0, {-1010, 2000}, {0x83, 0xF1, 0x0E, 0xFF}}},
	{{{-3, 126, -39}, 0, {-1010, 2000}, {0xD6, 0xB1, 0x5A, 0xFF}}},
	{{{-6, 126, -42}, 0, {-1010, 2000}, {0x8F, 0xCE, 0xE4, 0xFF}}},
	{{{0, 119, -44}, 0, {-1010, 2000}, {0x02, 0x87, 0xDA, 0xFF}}},
	{{{0, 123, -40}, 0, {-1010, 2000}, {0x00, 0xB2, 0x64, 0xFF}}},
	{{{-16, 117, 0}, 0, {1300, 1100}, {0x90, 0x3D, 0x01, 0xFF}}},
	{{{-14, 113, -4}, 0, {1154, 1152}, {0xED, 0x16, 0x84, 0xFF}}},
	{{{-24, 88, -7}, 0, {1123, 1820}, {0xE9, 0xC2, 0x94, 0xFF}}},
	{{{-10, 111, 0}, 0, {1113, 1250}, {0x7A, 0xDD, 0x09, 0xFF}}},
	{{{-18, 85, 0}, 0, {1059, 1928}, {0x44, 0x95, 0x01, 0xFF}}},
	{{{-14, 114, 4}, 0, {1269, 1221}, {0xE8, 0x19, 0x7A, 0xFF}}},
	{{{-24, 88, 7}, 0, {1316, 1953}, {0xEA, 0xC2, 0x6C, 0xFF}}},
	{{{-14, 114, 4}, 0, {1269, 1221}, {0xE8, 0x19, 0x7A, 0xFF}}},
	{{{-31, 90, 0}, 0, {1380, 1844}, {0x85, 0xE2, 0xFF, 0xFF}}},
	{{{-24, 88, 7}, 0, {1316, 1953}, {0xEA, 0xC2, 0x6C, 0xFF}}},
	{{{-16, 117, 0}, 0, {1300, 1100}, {0x90, 0x3D, 0x01, 0xFF}}},
	{{{-24, 88, -7}, 0, {1123, 1820}, {0xE9, 0xC2, 0x94, 0xFF}}},
	{{{-18, 85, 0}, 0, {1059, 1928}, {0x44, 0x95, 0x01, 0xFF}}},
	{{{14, 114, 4}, 0, {667, 1118}, {0x18, 0x1B, 0x7A, 0xFF}}},
	{{{31, 90, 0}, 0, {34, 1613}, {0x7B, 0xE2, 0x00, 0xFF}}},
	{{{16, 117, 0}, 0, {585, 977}, {0x6F, 0x3E, 0x01, 0xFF}}},
	{{{24, 88, 7}, 0, {245, 1769}, {0x17, 0xC1, 0x6C, 0xFF}}},
	{{{10, 111, 0}, 0, {654, 1171}, {0x85, 0xDF, 0x07, 0xFF}}},
	{{{18, 85, 0}, 0, {265, 1792}, {0xBC, 0x95, 0x00, 0xFF}}},
	{{{24, 88, -7}, 0, {53, 1636}, {0x17, 0xC2, 0x94, 0xFF}}},
	{{{14, 113, -4}, 0, {546, 1048}, {0x11, 0x17, 0x84, 0xFF}}},
	{{{18, 60, -5}, 0, {-22, 2388}, {0x66, 0xEC, 0xB7, 0xFF}}},
	{{{15, 78, 8}, 0, {376, 2068}, {0x61, 0xFB, 0x52, 0xFF}}},
	{{{18, 56, 4}, 0, {66, 2581}, {0x63, 0xC7, 0x38, 0xFF}}},
	{{{18, 91, -2}, 0, {306, 1622}, {0x6E, 0xFC, 0xC0, 0xFF}}},
	{{{7, 91, -5}, 0, {494, 1627}, {0x11, 0xFE, 0x82, 0xFF}}},
	{{{8, 58, -9}, 0, {132, 2436}, {0x1A, 0xD8, 0x8A, 0xFF}}},
	{{{-7, 91, -5}, 0, {804, 1681}, {0xEF, 0xFE, 0x82, 0xFF}}},
	{{{-8, 58, -9}, 0, {473, 2495}, {0xE6, 0xD8, 0x8A, 0xFF}}},
	{{{-18, 60, -5}, 0, {776, 2524}, {0x9A, 0xEC, 0xB7, 0xFF}}},
	{{{-18, 91, -2}, 0, {1081, 1755}, {0x92, 0xFC, 0xC0, 0xFF}}},
	{{{-15, 78, 8}, 0, {1053, 2184}, {0x9F, 0xFB, 0x52, 0xFF}}},
	{{{-18, 56, 4}, 0, {864, 2718}, {0x9D, 0xC7, 0x38, 0xFF}}},
	{{{-8, 53, 9}, 0, {675, 2795}, {0xE3, 0xF2, 0x7B, 0xFF}}},
	{{{-7, 78, 12}, 0, {926, 2201}, {0xE4, 0xFA, 0x7C, 0xFF}}},
	{{{8, 53, 9}, 0, {334, 2737}, {0x1D, 0xF2, 0x7B, 0xFF}}},
	{{{7, 78, 12}, 0, {616, 2148}, {0x1C, 0xFA, 0x7C, 0xFF}}},
	{{{18, 109, 7}, 0, {589, 1245}, {0x6E, 0x15, 0x3D, 0xFF}}},
	{{{7, 112, 11}, 0, {897, 1246}, {0x15, 0x28, 0x77, 0xFF}}},
	{{{16, 118, 4}, 0, {646, 996}, {0x55, 0x56, 0x27, 0xFF}}},
	{{{16, 117, -4}, 0, {516, 946}, {0x5E, 0x40, 0xC7, 0xFF}}},
	{{{7, 119, -9}, 0, {676, 883}, {0x1B, 0x4D, 0x9F, 0xFF}}},
	{{{-7, 119, -9}, 0, {986, 936}, {0xE5, 0x4D, 0x9F, 0xFF}}},
	{{{-16, 117, -4}, 0, {1242, 1070}, {0xA2, 0x40, 0xC7, 0xFF}}},
	{{{-16, 118, 4}, 0, {1372, 1120}, {0xAB, 0x56, 0x27, 0xFF}}},
	{{{-18, 109, 7}, 0, {1364, 1378}, {0x92, 0x15, 0x3D, 0xFF}}},
	{{{-7, 112, 11}, 0, {1207, 1299}, {0xEB, 0x28, 0x77, 0xFF}}},
	{{{7, 120, 5}, 0, {882, 985}, {0x10, 0x73, 0x34, 0xFF}}},
	{{{-7, 120, 5}, 0, {1192, 1038}, {0xF0, 0x73, 0x34, 0xFF}}},
	{{{-17, 7, 5}, 0, {-1010, 2001}, {0x89, 0x21, 0x1E, 0xFF}}},
	{{{-17, 20, -2}, 0, {-1010, 2001}, {0xA5, 0x50, 0xDA, 0xFF}}},
	{{{-17, 7, -2}, 0, {-1010, 2001}, {0x8B, 0x00, 0xCF, 0xFF}}},
	{{{-17, 20, 5}, 0, {-1010, 2001}, {0xA8, 0x4E, 0x2F, 0xFF}}},
	{{{-14, 10, 7}, 0, {-1010, 2001}, {0xC0, 0x48, 0x53, 0xFF}}},
	{{{-14, 10, 22}, 0, {-1010, 2001}, {0xCE, 0x75, 0x08, 0xFF}}},
	{{{-17, 7, 25}, 0, {-1010, 2001}, {0xB4, 0x63, 0x17, 0xFF}}},
	{{{-15, 7, 29}, 0, {-1010, 2001}, {0xD6, 0x67, 0x3D, 0xFF}}},
	{{{-12, 10, 26}, 0, {-1010, 2001}, {0xEA, 0x74, 0x2F, 0xFF}}},
	{{{-7, 7, 29}, 0, {-1010, 2001}, {0x2B, 0x62, 0x45, 0xFF}}},
	{{{-9, 10, 26}, 0, {-1010, 2001}, {0x1C, 0x72, 0x30, 0xFF}}},
	{{{-7, 10, 22}, 0, {-1010, 2001}, {0x3D, 0x6F, 0x08, 0xFF}}},
	{{{-5, 7, 25}, 0, {-1010, 2001}, {0x59, 0x57, 0x1C, 0xFF}}},
	{{{-5, 7, 5}, 0, {-1010, 2001}, {0x7B, 0x18, 0x16, 0xFF}}},
	{{{-7, 10, 7}, 0, {-1010, 2001}, {0x50, 0x3F, 0x4C, 0xFF}}},
	{{{-5, 20, 5}, 0, {-1010, 2001}, {0x5B, 0x50, 0x26, 0xFF}}},
	{{{-5, 7, -2}, 0, {-1010, 2001}, {0x7C, 0x00, 0xE3, 0xFF}}},
	{{{-5, 20, -2}, 0, {-1010, 2001}, {0x5D, 0x54, 0xEA, 0xFF}}},
	{{{-6, 7, -4}, 0, {-1010, 2001}, {0x3B, 0x2F, 0x9A, 0xFF}}},
	{{{-6, 20, -4}, 0, {-1010, 2001}, {0x35, 0x4D, 0xAA, 0xFF}}},
	{{{-15, 20, -4}, 0, {-1010, 2001}, {0xDA, 0x50, 0xA5, 0xFF}}},
	{{{-15, 7, -4}, 0, {-1010, 2001}, {0xCF, 0x00, 0x8B, 0xFF}}},
	{{{-17, 20, -2}, 0, {-1010, 2001}, {0xA5, 0x50, 0xDA, 0xFF}}},
	{{{-14, 20, 7}, 0, {-1010, 2001}, {0xE4, 0x52, 0x5D, 0xFF}}},
	{{{-15, 20, -4}, 0, {-1010, 2001}, {0xDA, 0x50, 0xA5, 0xFF}}},
	{{{-17, 20, 5}, 0, {-1010, 2001}, {0xA8, 0x4E, 0x2F, 0xFF}}},
	{{{-14, 10, 7}, 0, {-1010, 2001}, {0xC0, 0x48, 0x53, 0xFF}}},
	{{{-7, 10, 7}, 0, {-1010, 2001}, {0x50, 0x3F, 0x4C, 0xFF}}},
	{{{-12, 10, 26}, 0, {-1010, 2001}, {0xEA, 0x74, 0x2F, 0xFF}}},
	{{{-14, 10, 22}, 0, {-1010, 2001}, {0xCE, 0x75, 0x08, 0xFF}}},
	{{{-9, 10, 26}, 0, {-1010, 2001}, {0x1C, 0x72, 0x30, 0xFF}}},
	{{{-7, 10, 22}, 0, {-1010, 2001}, {0x3D, 0x6F, 0x08, 0xFF}}},
	{{{-6, 20, -4}, 0, {-1010, 2001}, {0x35, 0x4D, 0xAA, 0xFF}}},
	{{{-7, 20, 7}, 0, {-1010, 2001}, {0x26, 0x50, 0x5B, 0xFF}}},
	{{{-5, 20, 5}, 0, {-1010, 2001}, {0x5B, 0x50, 0x26, 0xFF}}},
	{{{-5, 20, -2}, 0, {-1010, 2001}, {0x5D, 0x54, 0xEA, 0xFF}}},
	{{{-4, 7, 16}, 0, {-853, 1981}, {0x5E, 0x26, 0xB3, 0xFF}}},
	{{{-6, 12, 21}, 0, {-858, 1988}, {0x39, 0x54, 0x4C, 0xFF}}},
	{{{-4, 7, 21}, 0, {-854, 1989}, {0x5E, 0x26, 0x4D, 0xFF}}},
	{{{-6, 12, 16}, 0, {-857, 1980}, {0x39, 0x54, 0xB4, 0xFF}}},
	{{{-15, 12, 16}, 0, {-869, 1977}, {0xCE, 0x57, 0xB2, 0xFF}}},
	{{{-18, 7, 16}, 0, {-873, 1976}, {0xA5, 0x37, 0xBA, 0xFF}}},
	{{{-18, 7, 21}, 0, {-875, 1984}, {0xA5, 0x37, 0x46, 0xFF}}},
	{{{-15, 12, 21}, 0, {-871, 1985}, {0xCE, 0x57, 0x4E, 0xFF}}},
	{{{14, 10, 22}, 0, {-1010, 2001}, {0x32, 0x75, 0x08, 0xFF}}},
	{{{15, 7, 29}, 0, {-1010, 2001}, {0x2A, 0x67, 0x3D, 0xFF}}},
	{{{17, 7, 25}, 0, {-1010, 2001}, {0x4C, 0x63, 0x17, 0xFF}}},
	{{{12, 10, 26}, 0, {-1010, 2001}, {0x16, 0x74, 0x2F, 0xFF}}},
	{{{14, 10, 7}, 0, {-1010, 2001}, {0x40, 0x48, 0x53, 0xFF}}},
	{{{17, 7, 5}, 0, {-1010, 2001}, {0x77, 0x21, 0x1E, 0xFF}}},
	{{{17, 20, 5}, 0, {-1010, 2001}, {0x58, 0x4E, 0x2F, 0xFF}}},
	{{{14, 20, 7}, 0, {-1010, 2001}, {0x1C, 0x52, 0x5D, 0xFF}}},
	{{{15, 20, -4}, 0, {-1010, 2001}, {0x26, 0x50, 0xA5, 0xFF}}},
	{{{17, 20, -2}, 0, {-1010, 2001}, {0x5B, 0x50, 0xDA, 0xFF}}},
	{{{17, 7, -2}, 0, {-1010, 2001}, {0x75, 0x00, 0xCF, 0xFF}}},
	{{{15, 7, -4}, 0, {-1010, 2001}, {0x31, 0x00, 0x8B, 0xFF}}},
	{{{6, 7, -4}, 0, {-1010, 2001}, {0xC5, 0x2F, 0x9A, 0xFF}}},
	{{{6, 20, -4}, 0, {-1010, 2001}, {0xCB, 0x4D, 0xAA, 0xFF}}},
	{{{5, 7, -2}, 0, {-1010, 2001}, {0x84, 0x00, 0xE3, 0xFF}}},
	{{{5, 20, -2}, 0, {-1010, 2001}, {0xA3, 0x54, 0xEA, 0xFF}}},
	{{{5, 7, 5}, 0, {-1010, 2001}, {0x85, 0x18, 0x16, 0xFF}}},
	{{{5, 20, 5}, 0, {-1010, 2001}, {0xA5, 0x50, 0x26, 0xFF}}},
	{{{7, 10, 7}, 0, {-1010, 2001}, {0xB0, 0x3F, 0x4C, 0xFF}}},
	{{{7, 10, 22}, 0, {-1010, 2001}, {0xC3, 0x6F, 0x08, 0xFF}}},
	{{{5, 7, 25}, 0, {-1010, 2001}, {0xA7, 0x57, 0x1C, 0xFF}}},
	{{{7, 7, 29}, 0, {-1010, 2001}, {0xD5, 0x62, 0x45, 0xFF}}},
	{{{9, 10, 26}, 0, {-1010, 2001}, {0xE4, 0x72, 0x30, 0xFF}}},
	{{{7, 20, 7}, 0, {-1010, 2001}, {0xDA, 0x50, 0x5B, 0xFF}}},
	{{{4, 7, 21}, 0, {-844, 1991}, {0xA2, 0x26, 0x4D, 0xFF}}},
	{{{6, 12, 16}, 0, {-838, 1985}, {0xC7, 0x54, 0xB4, 0xFF}}},
	{{{4, 7, 16}, 0, {-842, 1984}, {0xA2, 0x26, 0xB3, 0xFF}}},
	{{{6, 12, 21}, 0, {-840, 1992}, {0xC7, 0x54, 0x4C, 0xFF}}},
	{{{15, 12, 21}, 0, {-827, 1995}, {0x32, 0x57, 0x4E, 0xFF}}},
	{{{18, 7, 21}, 0, {-823, 1996}, {0x5B, 0x37, 0x46, 0xFF}}},
	{{{18, 7, 16}, 0, {-822, 1989}, {0x5B, 0x37, 0xBA, 0xFF}}},
	{{{15, 12, 16}, 0, {-826, 1988}, {0x32, 0x57, 0xB2, 0xFF}}},
	{{{-6, 3, 30}, 0, {-861, 2000}, {0x39, 0xB4, 0x54, 0xFF}}},
	{{{-15, 7, 30}, 0, {-874, 1997}, {0xCE, 0x4E, 0x57, 0xFF}}},
	{{{-15, 3, 30}, 0, {-874, 1997}, {0xCE, 0xB2, 0x57, 0xFF}}},
	{{{-6, 7, 30}, 0, {-861, 2000}, {0x39, 0x4C, 0x54, 0xFF}}},
	{{{-4, 3, 25}, 0, {-855, 1993}, {0x5D, 0xAB, 0x12, 0xFF}}},
	{{{-6, 3, -4}, 0, {-849, 1951}, {0x2F, 0xB2, 0xA8, 0xFF}}},
	{{{-16, 3, -4}, 0, {-863, 1947}, {0xD1, 0xB2, 0xA8, 0xFF}}},
	{{{-18, 3, 25}, 0, {-876, 1988}, {0xA3, 0xAD, 0x1A, 0xFF}}},
	{{{-18, 7, 25}, 0, {-876, 1988}, {0xA3, 0x53, 0x1A, 0xFF}}},
	{{{-18, 7, -1}, 0, {-867, 1952}, {0xA3, 0x52, 0xE4, 0xFF}}},
	{{{-18, 7, -1}, 0, {-867, 1952}, {0xA3, 0x52, 0xE4, 0xFF}}},
	{{{-15, 7, 30}, 0, {-874, 1997}, {0xCE, 0x4E, 0x57, 0xFF}}},
	{{{-16, 7, -4}, 0, {-863, 1947}, {0xD1, 0x4E, 0xA8, 0xFF}}},
	{{{-6, 7, -4}, 0, {-849, 1951}, {0x3B, 0x2F, 0x9A, 0xFF}}},
	{{{-6, 7, 30}, 0, {-861, 2000}, {0x39, 0x4C, 0x54, 0xFF}}},
	{{{-4, 7, 25}, 0, {-855, 1993}, {0x5D, 0x55, 0x12, 0xFF}}},
	{{{-4, 3, 25}, 0, {-855, 1993}, {0x5D, 0xAB, 0x12, 0xFF}}},
	{{{-4, 3, -1}, 0, {-847, 1957}, {0x5D, 0xAE, 0xE4, 0xFF}}},
	{{{-6, 3, -4}, 0, {-849, 1951}, {0x2F, 0xB2, 0xA8, 0xFF}}},
	{{{-4, 7, -1}, 0, {-847, 1957}, {0x5D, 0x52, 0xE4, 0xFF}}},
	{{{-16, 3, -4}, 0, {-863, 1947}, {0xD1, 0xB2, 0xA8, 0xFF}}},
	{{{-18, 3, -1}, 0, {-867, 1952}, {0xA3, 0xAE, 0xE4, 0xFF}}},
	{{{-18, 3, 25}, 0, {-876, 1988}, {0xA3, 0xAD, 0x1A, 0xFF}}},
	{{{-18, 7, 25}, 0, {-876, 1988}, {0xA3, 0x53, 0x1A, 0xFF}}},
	{{{18, 3, -1}, 0, {-816, 1964}, {0x5D, 0xAE, 0xE4, 0xFF}}},
	{{{18, 7, 25}, 0, {-824, 2001}, {0x5D, 0x53, 0x1A, 0xFF}}},
	{{{18, 3, 25}, 0, {-824, 2001}, {0x5D, 0xAD, 0x1A, 0xFF}}},
	{{{18, 7, -1}, 0, {-816, 1964}, {0x5D, 0x52, 0xE4, 0xFF}}},
	{{{16, 3, -4}, 0, {-818, 1958}, {0x2F, 0xB2, 0xA8, 0xFF}}},
	{{{15, 3, 30}, 0, {-830, 2007}, {0x32, 0xB2, 0x57, 0xFF}}},
	{{{15, 7, 30}, 0, {-830, 2007}, {0x32, 0x4E, 0x57, 0xFF}}},
	{{{16, 7, -4}, 0, {-818, 1958}, {0x2F, 0x4E, 0xA8, 0xFF}}},
	{{{6, 3, -4}, 0, {-832, 1955}, {0xD1, 0xB2, 0xA8, 0xFF}}},
	{{{6, 3, 30}, 0, {-843, 2004}, {0xC7, 0xB4, 0x54, 0xFF}}},
	{{{6, 7, 30}, 0, {-843, 2004}, {0xC7, 0x4C, 0x54, 0xFF}}},
	{{{6, 7, -4}, 0, {-832, 1955}, {0xC5, 0x2F, 0x9A, 0xFF}}},
	{{{4, 3, -1}, 0, {-836, 1959}, {0xA3, 0xAE, 0xE4, 0xFF}}},
	{{{4, 3, 25}, 0, {-845, 1996}, {0xA3, 0xAB, 0x12, 0xFF}}},
	{{{4, 7, 25}, 0, {-845, 1996}, {0xA3, 0x55, 0x12, 0xFF}}},
	{{{4, 7, -1}, 0, {-836, 1959}, {0xA3, 0x52, 0xE4, 0xFF}}},
};

Gfx brodute_node_mesh_layer_1_tri_3[] = {
	gsSPVertex(brodute_node_mesh_layer_1_vtx_3 + 0, 64, 0),
	gsSP2Triangles(0, 1, 2, 0, 1, 0, 3, 0),
	gsSP2Triangles(4, 3, 0, 0, 3, 4, 5, 0),
	gsSP2Triangles(3, 5, 6, 0, 6, 5, 7, 0),
	gsSP2Triangles(7, 5, 8, 0, 9, 7, 8, 0),
	gsSP2Triangles(9, 8, 10, 0, 11, 9, 10, 0),
	gsSP2Triangles(9, 11, 12, 0, 13, 12, 11, 0),
	gsSP2Triangles(12, 13, 14, 0, 15, 14, 13, 0),
	gsSP2Triangles(16, 14, 15, 0, 17, 16, 15, 0),
	gsSP2Triangles(1, 17, 15, 0, 1, 3, 17, 0),
	gsSP2Triangles(17, 3, 6, 0, 16, 17, 6, 0),
	gsSP2Triangles(16, 6, 7, 0, 16, 7, 14, 0),
	gsSP2Triangles(14, 7, 9, 0, 14, 9, 12, 0),
	gsSP2Triangles(18, 19, 20, 0, 21, 19, 18, 0),
	gsSP2Triangles(21, 18, 22, 0, 23, 21, 22, 0),
	gsSP2Triangles(23, 22, 24, 0, 25, 26, 27, 0),
	gsSP2Triangles(26, 28, 27, 0, 27, 28, 29, 0),
	gsSP2Triangles(29, 28, 30, 0, 28, 31, 30, 0),
	gsSP2Triangles(30, 31, 32, 0, 32, 31, 33, 0),
	gsSP2Triangles(34, 32, 33, 0, 34, 33, 35, 0),
	gsSP2Triangles(36, 34, 35, 0, 34, 36, 37, 0),
	gsSP2Triangles(36, 38, 37, 0, 38, 36, 39, 0),
	gsSP2Triangles(25, 38, 39, 0, 25, 40, 38, 0),
	gsSP2Triangles(25, 27, 40, 0, 40, 27, 30, 0),
	gsSP2Triangles(27, 29, 30, 0, 40, 30, 32, 0),
	gsSP2Triangles(40, 32, 38, 0, 38, 32, 34, 0),
	gsSP2Triangles(34, 37, 38, 0, 41, 42, 43, 0),
	gsSP2Triangles(41, 44, 42, 0, 45, 44, 41, 0),
	gsSP2Triangles(46, 45, 41, 0, 47, 45, 46, 0),
	gsSP2Triangles(47, 48, 45, 0, 47, 49, 48, 0),
	gsSP2Triangles(47, 50, 49, 0, 50, 51, 49, 0),
	gsSP2Triangles(50, 52, 51, 0, 53, 51, 52, 0),
	gsSP2Triangles(52, 54, 53, 0, 55, 53, 54, 0),
	gsSP2Triangles(53, 55, 56, 0, 55, 42, 56, 0),
	gsSP2Triangles(42, 55, 43, 0, 53, 56, 42, 0),
	gsSP2Triangles(51, 53, 42, 0, 51, 42, 44, 0),
	gsSP2Triangles(44, 49, 51, 0, 44, 45, 49, 0),
	gsSP2Triangles(45, 48, 49, 0, 57, 58, 59, 0),
	gsSP2Triangles(58, 60, 59, 0, 60, 61, 59, 0),
	gsSP2Triangles(62, 61, 60, 0, 62, 63, 61, 0),
	gsSPVertex(brodute_node_mesh_layer_1_vtx_3 + 64, 64, 0),
	gsSP2Triangles(0, 1, 2, 0, 3, 1, 0, 0),
	gsSP2Triangles(3, 4, 1, 0, 4, 2, 1, 0),
	gsSP2Triangles(2, 4, 5, 0, 6, 7, 8, 0),
	gsSP2Triangles(7, 6, 9, 0, 6, 10, 9, 0),
	gsSP2Triangles(10, 11, 9, 0, 10, 12, 11, 0),
	gsSP2Triangles(12, 10, 13, 0, 13, 7, 12, 0),
	gsSP2Triangles(8, 7, 13, 0, 9, 12, 7, 0),
	gsSP2Triangles(12, 9, 11, 0, 14, 15, 16, 0),
	gsSP2Triangles(14, 17, 15, 0, 18, 17, 14, 0),
	gsSP2Triangles(18, 14, 19, 0, 18, 19, 20, 0),
	gsSP2Triangles(20, 19, 21, 0, 20, 21, 22, 0),
	gsSP2Triangles(20, 22, 23, 0, 22, 24, 23, 0),
	gsSP2Triangles(22, 25, 24, 0, 24, 25, 26, 0),
	gsSP2Triangles(24, 26, 27, 0, 27, 26, 28, 0),
	gsSP2Triangles(27, 28, 29, 0, 15, 29, 28, 0),
	gsSP2Triangles(15, 28, 16, 0, 30, 29, 15, 0),
	gsSP2Triangles(31, 29, 30, 0, 32, 31, 30, 0),
	gsSP2Triangles(17, 32, 30, 0, 17, 30, 15, 0),
	gsSP2Triangles(33, 32, 17, 0, 34, 33, 17, 0),
	gsSP2Triangles(34, 17, 18, 0, 34, 18, 35, 0),
	gsSP2Triangles(35, 18, 20, 0, 35, 20, 23, 0),
	gsSP2Triangles(35, 23, 36, 0, 36, 23, 37, 0),
	gsSP2Triangles(23, 38, 37, 0, 23, 24, 38, 0),
	gsSP2Triangles(38, 24, 27, 0, 39, 38, 27, 0),
	gsSP2Triangles(39, 27, 31, 0, 31, 27, 29, 0),
	gsSP2Triangles(40, 39, 31, 0, 39, 40, 41, 0),
	gsSP2Triangles(41, 37, 39, 0, 41, 36, 37, 0),
	gsSP2Triangles(37, 38, 39, 0, 40, 31, 32, 0),
	gsSP2Triangles(42, 43, 44, 0, 43, 42, 45, 0),
	gsSP2Triangles(46, 45, 42, 0, 42, 47, 46, 0),
	gsSP2Triangles(47, 42, 48, 0, 49, 47, 48, 0),
	gsSP2Triangles(47, 49, 50, 0, 51, 50, 49, 0),
	gsSP2Triangles(50, 51, 52, 0, 51, 53, 52, 0),
	gsSP2Triangles(53, 51, 54, 0, 55, 53, 54, 0),
	gsSP2Triangles(53, 55, 56, 0, 57, 56, 55, 0),
	gsSP2Triangles(58, 57, 55, 0, 57, 58, 59, 0),
	gsSP2Triangles(60, 59, 58, 0, 59, 60, 61, 0),
	gsSP2Triangles(60, 62, 61, 0, 62, 60, 63, 0),
	gsSP2Triangles(44, 62, 63, 0, 62, 44, 43, 0),
	gsSPVertex(brodute_node_mesh_layer_1_vtx_3 + 128, 64, 0),
	gsSP2Triangles(0, 1, 2, 0, 1, 0, 3, 0),
	gsSP2Triangles(3, 4, 1, 0, 5, 1, 4, 0),
	gsSP2Triangles(4, 6, 5, 0, 6, 4, 7, 0),
	gsSP2Triangles(5, 6, 8, 0, 5, 8, 9, 0),
	gsSP2Triangles(2, 1, 10, 0, 10, 1, 11, 0),
	gsSP2Triangles(1, 5, 11, 0, 5, 12, 11, 0),
	gsSP2Triangles(10, 11, 12, 0, 10, 12, 13, 0),
	gsSP2Triangles(14, 15, 16, 0, 15, 14, 17, 0),
	gsSP2Triangles(14, 18, 17, 0, 18, 14, 19, 0),
	gsSP2Triangles(20, 18, 19, 0, 18, 20, 21, 0),
	gsSP2Triangles(20, 15, 21, 0, 15, 20, 16, 0),
	gsSP2Triangles(15, 18, 21, 0, 18, 15, 17, 0),
	gsSP2Triangles(22, 23, 24, 0, 23, 22, 25, 0),
	gsSP2Triangles(26, 25, 22, 0, 22, 27, 26, 0),
	gsSP2Triangles(27, 22, 24, 0, 28, 26, 27, 0),
	gsSP2Triangles(26, 28, 29, 0, 30, 29, 28, 0),
	gsSP2Triangles(30, 28, 31, 0, 28, 32, 31, 0),
	gsSP2Triangles(32, 28, 27, 0, 33, 31, 32, 0),
	gsSP2Triangles(31, 33, 30, 0, 34, 30, 33, 0),
	gsSP2Triangles(30, 34, 35, 0, 36, 35, 34, 0),
	gsSP2Triangles(35, 36, 37, 0, 38, 37, 36, 0),
	gsSP2Triangles(37, 38, 39, 0, 40, 39, 38, 0),
	gsSP2Triangles(38, 41, 40, 0, 41, 38, 42, 0),
	gsSP2Triangles(43, 41, 42, 0, 41, 43, 44, 0),
	gsSP2Triangles(43, 25, 44, 0, 25, 43, 23, 0),
	gsSP2Triangles(26, 44, 25, 0, 40, 44, 26, 0),
	gsSP2Triangles(29, 40, 26, 0, 40, 29, 45, 0),
	gsSP2Triangles(30, 45, 29, 0, 35, 45, 30, 0),
	gsSP2Triangles(37, 45, 35, 0, 45, 37, 39, 0),
	gsSP2Triangles(39, 40, 45, 0, 44, 40, 41, 0),
	gsSP2Triangles(46, 47, 48, 0, 47, 46, 49, 0),
	gsSP2Triangles(46, 50, 49, 0, 50, 46, 51, 0),
	gsSP2Triangles(52, 50, 51, 0, 50, 52, 53, 0),
	gsSP2Triangles(52, 47, 53, 0, 47, 52, 48, 0),
	gsSP2Triangles(47, 50, 53, 0, 50, 47, 49, 0),
	gsSP2Triangles(54, 55, 56, 0, 55, 54, 57, 0),
	gsSP2Triangles(58, 57, 54, 0, 54, 59, 58, 0),
	gsSP2Triangles(56, 59, 54, 0, 56, 60, 59, 0),
	gsSP2Triangles(61, 60, 56, 0, 56, 62, 61, 0),
	gsSP2Triangles(62, 56, 55, 0, 55, 63, 62, 0),
	gsSPVertex(brodute_node_mesh_layer_1_vtx_3 + 192, 30, 0),
	gsSP2Triangles(0, 1, 2, 0, 2, 1, 3, 0),
	gsSP2Triangles(3, 1, 4, 0, 3, 4, 5, 0),
	gsSP2Triangles(4, 6, 5, 0, 7, 5, 6, 0),
	gsSP2Triangles(6, 8, 7, 0, 8, 9, 7, 0),
	gsSP2Triangles(9, 8, 3, 0, 8, 2, 3, 0),
	gsSP2Triangles(2, 8, 10, 0, 11, 2, 10, 0),
	gsSP2Triangles(10, 12, 11, 0, 12, 0, 11, 0),
	gsSP2Triangles(0, 12, 13, 0, 2, 11, 0, 0),
	gsSP2Triangles(5, 7, 9, 0, 3, 5, 9, 0),
	gsSP2Triangles(14, 15, 16, 0, 15, 14, 17, 0),
	gsSP2Triangles(18, 17, 14, 0, 16, 18, 14, 0),
	gsSP2Triangles(19, 18, 16, 0, 16, 20, 19, 0),
	gsSP2Triangles(20, 16, 15, 0, 21, 20, 15, 0),
	gsSP2Triangles(21, 15, 17, 0, 17, 18, 21, 0),
	gsSP2Triangles(22, 21, 18, 0, 23, 22, 18, 0),
	gsSP2Triangles(23, 18, 19, 0, 20, 23, 19, 0),
	gsSP2Triangles(23, 20, 24, 0, 21, 24, 20, 0),
	gsSP2Triangles(25, 24, 21, 0, 21, 22, 25, 0),
	gsSP2Triangles(26, 25, 22, 0, 22, 27, 26, 0),
	gsSP2Triangles(27, 22, 23, 0, 23, 28, 27, 0),
	gsSP2Triangles(28, 23, 24, 0, 24, 29, 28, 0),
	gsSP2Triangles(29, 24, 25, 0, 25, 26, 29, 0),
	gsSP2Triangles(27, 29, 26, 0, 29, 27, 28, 0),
	gsSPEndDisplayList(),
};


Gfx mat_brodute_Material_0_f3d[] = {
	gsSPSetLights1(brodute_Material_0_f3d_lights),
	gsDPPipeSync(),
	gsDPSetCombineLERP(TEXEL0, 0, SHADE, 0, 0, 0, 0, ENVIRONMENT, TEXEL0, 0, SHADE, 0, 0, 0, 0, ENVIRONMENT),
	gsDPSetAlphaDither(G_AD_NOISE),
	gsDPSetTextureLUT(G_TT_RGBA16),
	gsSPTexture(65535, 65535, 0, 0, 1),
	gsDPSetTextureImage(G_IM_FMT_RGBA, G_IM_SIZ_16b, 1, brodute__0_pal_rgba16),
	gsDPSetTile(0, 0, 0, 256, 5, 0, G_TX_WRAP | G_TX_NOMIRROR, 0, 0, G_TX_WRAP | G_TX_NOMIRROR, 0, 0),
	gsDPLoadTLUTCmd(5, 199),
	gsDPSetTextureImage(G_IM_FMT_CI, G_IM_SIZ_8b_LOAD_BLOCK, 1, brodute__0_ci8),
	gsDPSetTile(G_IM_FMT_CI, G_IM_SIZ_8b_LOAD_BLOCK, 0, 0, 7, 0, G_TX_WRAP | G_TX_NOMIRROR, 0, 0, G_TX_WRAP | G_TX_NOMIRROR, 0, 0),
	gsDPLoadBlock(7, 0, 0, 511, 512),
	gsDPSetTile(G_IM_FMT_CI, G_IM_SIZ_8b, 4, 0, 0, 0, G_TX_WRAP | G_TX_NOMIRROR, 5, 0, G_TX_WRAP | G_TX_NOMIRROR, 5, 0),
	gsDPSetTileSize(0, 0, 0, 124, 124),
	gsSPEndDisplayList(),
};

Gfx mat_revert_brodute_Material_0_f3d[] = {
	gsDPPipeSync(),
	gsDPSetAlphaDither(G_AD_DISABLE),
	gsDPSetTextureLUT(G_TT_NONE),
	gsSPEndDisplayList(),
};

Gfx mat_brodute_Material_1_f3d[] = {
	gsSPSetLights1(brodute_Material_1_f3d_lights),
	gsDPPipeSync(),
	gsDPSetCombineLERP(TEXEL0, 0, SHADE, 0, 0, 0, 0, ENVIRONMENT, TEXEL0, 0, SHADE, 0, 0, 0, 0, ENVIRONMENT),
	gsDPSetAlphaDither(G_AD_NOISE),
	gsDPSetTextureLUT(G_TT_RGBA16),
	gsSPTexture(65535, 65535, 0, 0, 1),
	gsDPSetTextureImage(G_IM_FMT_RGBA, G_IM_SIZ_16b, 1, brodute__1_pal_rgba16),
	gsDPSetTile(0, 0, 0, 256, 5, 0, G_TX_WRAP | G_TX_NOMIRROR, 0, 0, G_TX_WRAP | G_TX_NOMIRROR, 0, 0),
	gsDPLoadTLUTCmd(5, 49),
	gsDPSetTextureImage(G_IM_FMT_CI, G_IM_SIZ_8b_LOAD_BLOCK, 1, brodute__1_ci8),
	gsDPSetTile(G_IM_FMT_CI, G_IM_SIZ_8b_LOAD_BLOCK, 0, 0, 7, 0, G_TX_WRAP | G_TX_NOMIRROR, 0, 0, G_TX_WRAP | G_TX_NOMIRROR, 0, 0),
	gsDPLoadBlock(7, 0, 0, 511, 512),
	gsDPSetTile(G_IM_FMT_CI, G_IM_SIZ_8b, 4, 0, 0, 0, G_TX_WRAP | G_TX_NOMIRROR, 5, 0, G_TX_WRAP | G_TX_NOMIRROR, 5, 0),
	gsDPSetTileSize(0, 0, 0, 124, 124),
	gsSPEndDisplayList(),
};

Gfx mat_revert_brodute_Material_1_f3d[] = {
	gsDPPipeSync(),
	gsDPSetAlphaDither(G_AD_DISABLE),
	gsDPSetTextureLUT(G_TT_NONE),
	gsSPEndDisplayList(),
};

Gfx mat_brodute_Material_2_f3d[] = {
	gsSPSetLights1(brodute_Material_2_f3d_lights),
	gsDPPipeSync(),
	gsDPSetCombineLERP(TEXEL0, 0, SHADE, 0, 0, 0, 0, ENVIRONMENT, TEXEL0, 0, SHADE, 0, 0, 0, 0, ENVIRONMENT),
	gsDPSetAlphaDither(G_AD_NOISE),
	gsDPSetTextureLUT(G_TT_RGBA16),
	gsSPTexture(65535, 65535, 0, 0, 1),
	gsDPSetTextureImage(G_IM_FMT_RGBA, G_IM_SIZ_16b, 1, brodute__2_pal_rgba16),
	gsDPSetTile(0, 0, 0, 256, 5, 0, G_TX_WRAP | G_TX_NOMIRROR, 0, 0, G_TX_WRAP | G_TX_NOMIRROR, 0, 0),
	gsDPLoadTLUTCmd(5, 225),
	gsDPSetTextureImage(G_IM_FMT_CI, G_IM_SIZ_8b_LOAD_BLOCK, 1, brodute__2_ci8),
	gsDPSetTile(G_IM_FMT_CI, G_IM_SIZ_8b_LOAD_BLOCK, 0, 0, 7, 0, G_TX_WRAP | G_TX_NOMIRROR, 0, 0, G_TX_WRAP | G_TX_NOMIRROR, 0, 0),
	gsDPLoadBlock(7, 0, 0, 511, 512),
	gsDPSetTile(G_IM_FMT_CI, G_IM_SIZ_8b, 4, 0, 0, 0, G_TX_WRAP | G_TX_NOMIRROR, 5, 0, G_TX_WRAP | G_TX_NOMIRROR, 5, 0),
	gsDPSetTileSize(0, 0, 0, 124, 124),
	gsSPEndDisplayList(),
};

Gfx mat_revert_brodute_Material_2_f3d[] = {
	gsDPPipeSync(),
	gsDPSetAlphaDither(G_AD_DISABLE),
	gsDPSetTextureLUT(G_TT_NONE),
	gsSPEndDisplayList(),
};

Gfx mat_brodute_Material_3_f3d[] = {
	gsSPSetLights1(brodute_Material_3_f3d_lights),
	gsDPPipeSync(),
	gsDPSetCombineLERP(TEXEL0, 0, SHADE, 0, 0, 0, 0, ENVIRONMENT, TEXEL0, 0, SHADE, 0, 0, 0, 0, ENVIRONMENT),
	gsDPSetAlphaDither(G_AD_NOISE),
	gsDPSetTextureLUT(G_TT_RGBA16),
	gsSPTexture(65535, 65535, 0, 0, 1),
	gsDPSetTextureImage(G_IM_FMT_RGBA, G_IM_SIZ_16b, 1, brodute__3_pal_rgba16),
	gsDPSetTile(0, 0, 0, 256, 5, 0, G_TX_WRAP | G_TX_NOMIRROR, 0, 0, G_TX_WRAP | G_TX_NOMIRROR, 0, 0),
	gsDPLoadTLUTCmd(5, 138),
	gsDPSetTextureImage(G_IM_FMT_CI, G_IM_SIZ_8b_LOAD_BLOCK, 1, brodute__3_ci8),
	gsDPSetTile(G_IM_FMT_CI, G_IM_SIZ_8b_LOAD_BLOCK, 0, 0, 7, 0, G_TX_WRAP | G_TX_NOMIRROR, 0, 0, G_TX_WRAP | G_TX_NOMIRROR, 0, 0),
	gsDPLoadBlock(7, 0, 0, 511, 512),
	gsDPSetTile(G_IM_FMT_CI, G_IM_SIZ_8b, 4, 0, 0, 0, G_TX_WRAP | G_TX_NOMIRROR, 5, 0, G_TX_WRAP | G_TX_NOMIRROR, 5, 0),
	gsDPSetTileSize(0, 0, 0, 124, 124),
	gsSPEndDisplayList(),
};

Gfx mat_revert_brodute_Material_3_f3d[] = {
	gsDPPipeSync(),
	gsDPSetAlphaDither(G_AD_DISABLE),
	gsDPSetTextureLUT(G_TT_NONE),
	gsSPEndDisplayList(),
};

Gfx brodute_node_mesh_layer_1[] = {
	gsSPClearGeometryMode(G_LIGHTING),
	gsSPVertex(brodute_node_mesh_layer_1_vtx_cull + 0, 8, 0),
	gsSPSetGeometryMode(G_LIGHTING),
	gsSPCullDisplayList(0, 7),
	gsSPDisplayList(mat_brodute_Material_0_f3d),
	gsSPDisplayList(brodute_node_mesh_layer_1_tri_0),
	gsSPDisplayList(mat_revert_brodute_Material_0_f3d),
	gsSPDisplayList(mat_brodute_Material_1_f3d),
	gsSPDisplayList(brodute_node_mesh_layer_1_tri_1),
	gsSPDisplayList(mat_revert_brodute_Material_1_f3d),
	gsSPDisplayList(mat_brodute_Material_2_f3d),
	gsSPDisplayList(brodute_node_mesh_layer_1_tri_2),
	gsSPDisplayList(mat_revert_brodute_Material_2_f3d),
	gsSPDisplayList(mat_brodute_Material_3_f3d),
	gsSPDisplayList(brodute_node_mesh_layer_1_tri_3),
	gsSPDisplayList(mat_revert_brodute_Material_3_f3d),
	gsDPPipeSync(),
	gsSPSetGeometryMode(G_LIGHTING),
	gsSPClearGeometryMode(G_TEXTURE_GEN),
	gsDPSetCombineLERP(0, 0, 0, SHADE, 0, 0, 0, ENVIRONMENT, 0, 0, 0, SHADE, 0, 0, 0, ENVIRONMENT),
	gsSPTexture(65535, 65535, 0, 0, 0),
	gsDPSetEnvColor(255, 255, 255, 255),
	gsDPSetAlphaCompare(G_AC_NONE),
	gsSPEndDisplayList(),
};

